ISO-10303-21;
HEADER;
FILE_DESCRIPTION (( 'STEP AP214' ),
    '1' );
FILE_NAME ('U.FL-R-SMT-1.STEP',
    '2026-04-13T03:57:43',
    ( '' ),
    ( '' ),
    'SwSTEP 2.0',
    'SolidWorks 2021',
    '' );
FILE_SCHEMA (( 'AUTOMOTIVE_DESIGN' ));
ENDSEC;

DATA;
#1 = DIRECTION ( 'NONE',  ( -1.000000000000000000, 0.000000000000000000, 0.000000000000000000 ) ) ;
#2 = EDGE_CURVE ( 'NONE', #2611, #2713, #19, .T. ) ;
#3 = COLOUR_RGB ( '',0.9686274509803921573, 0.8784313725490195957, 0.5999999999999999778 ) ;
#4 =( NAMED_UNIT ( * ) SI_UNIT ( $, .STERADIAN. ) SOLID_ANGLE_UNIT ( ) );
#5 = FACE_OUTER_BOUND ( 'NONE', #1110, .T. ) ;
#6 =( GEOMETRIC_REPRESENTATION_CONTEXT ( 3 ) GLOBAL_UNCERTAINTY_ASSIGNED_CONTEXT ( ( #1175 ) ) GLOBAL_UNIT_ASSIGNED_CONTEXT ( ( #1548, #573, #834 ) ) REPRESENTATION_CONTEXT ( 'NONE', 'WORKASPACE' ) );
#7 = CARTESIAN_POINT ( 'NONE',  ( -0.9998171829347854977, -3.666055405785286079E-15, 0.3499999999999996447 ) ) ;
#8 = VERTEX_POINT ( 'NONE', #1002 ) ;
#9 = DIRECTION ( 'NONE',  ( -0.000000000000000000, -1.047444401652940007E-14, 1.000000000000000000 ) ) ;
#10 = FACE_OUTER_BOUND ( 'NONE', #2859, .T. ) ;
#11 = EDGE_CURVE ( 'NONE', #2434, #3135, #2345, .T. ) ;
#12 = CARTESIAN_POINT ( 'NONE',  ( -0.9998171829347854977, 0.9999999999999997780, 1.047444401652939691E-14 ) ) ;
#13 = ORIENTED_EDGE ( 'NONE', *, *, #481, .F. ) ;
#14 = FACE_OUTER_BOUND ( 'NONE', #2905, .T. ) ;
#15 = STYLED_ITEM ( 'NONE', ( #2026 ), #972 ) ;
#16 = CARTESIAN_POINT ( 'NONE',  ( -1.499817182934785942, -0.9000000000000001332, -9.426999614876461637E-15 ) ) ;
#17 = DIRECTION ( 'NONE',  ( -0.000000000000000000, -1.047444401652940007E-14, 1.000000000000000000 ) ) ;
#18 =( LENGTH_UNIT ( ) NAMED_UNIT ( * ) SI_UNIT ( .MILLI., .METRE. ) );
#19 = LINE ( 'NONE', #1767, #603 ) ;
#20 =( NAMED_UNIT ( * ) PLANE_ANGLE_UNIT ( ) SI_UNIT ( $, .RADIAN. ) );
#21 = EDGE_LOOP ( 'NONE', ( #2722, #1032, #1960 ) ) ;
#22 =( GEOMETRIC_REPRESENTATION_CONTEXT ( 3 ) GLOBAL_UNCERTAINTY_ASSIGNED_CONTEXT ( ( #2113 ) ) GLOBAL_UNIT_ASSIGNED_CONTEXT ( ( #476, #1228, #1486 ) ) REPRESENTATION_CONTEXT ( 'NONE', 'WORKASPACE' ) );
#23 =( NAMED_UNIT ( * ) SI_UNIT ( $, .STERADIAN. ) SOLID_ANGLE_UNIT ( ) );
#24 = DIRECTION ( 'NONE',  ( -1.000000000000000000, 0.000000000000000000, 0.000000000000000000 ) ) ;
#25 = STYLED_ITEM ( 'NONE', ( #2803 ), #2084 ) ;
#26 = PRESENTATION_LAYER_ASSIGNMENT (  '', '', ( #1578 ) ) ;
#27 = VERTEX_POINT ( 'NONE', #2762 ) ;
#28 = FILL_AREA_STYLE_COLOUR ( '', #1350 ) ;
#29 = AXIS2_PLACEMENT_3D ( 'NONE', #312, #278, #1296 ) ;
#30 = SURFACE_STYLE_USAGE ( .BOTH. , #3070 ) ;
#31 = AXIS2_PLACEMENT_3D ( 'NONE', #1156, #2405, #1341 ) ;
#32 = ORIENTED_EDGE ( 'NONE', *, *, #306, .F. ) ;
#33 = CARTESIAN_POINT ( 'NONE',  ( -1.299817182934787096, -1.300000000000000266, -1.361677722148822166E-14 ) ) ;
#34 = STYLED_ITEM ( 'NONE', ( #599 ), #41 ) ;
#35 =( NAMED_UNIT ( * ) SI_UNIT ( $, .STERADIAN. ) SOLID_ANGLE_UNIT ( ) );
#36 = PRESENTATION_LAYER_ASSIGNMENT (  '', '', ( #1021 ) ) ;
#37 = VECTOR ( 'NONE', #2468, 1000.000000000000000 ) ;
#38 = ORIENTED_EDGE ( 'NONE', *, *, #401, .T. ) ;
#39 =( NAMED_UNIT ( * ) SI_UNIT ( $, .STERADIAN. ) SOLID_ANGLE_UNIT ( ) );
#40 = CARTESIAN_POINT ( 'NONE',  ( -4.318768448973789198, -0.2009885622606466526, 0.1499999999999987177 ) ) ;
#41 = ADVANCED_FACE ( 'NONE', ( #5 ), #1900, .T. ) ;
#42 = CYLINDRICAL_SURFACE ( 'NONE', #749, 0.2999999999999999334 ) ;
#43 = ORIENTED_EDGE ( 'NONE', *, *, #67, .T. ) ;
#44 = CARTESIAN_POINT ( 'NONE',  ( 0.0001828170652154459397, -1.309305502066176270E-14, 1.250000000000001110 ) ) ;
#45 = AXIS2_PLACEMENT_3D ( 'NONE', #352, #1138, #1837 ) ;
#46 =( NAMED_UNIT ( * ) SI_UNIT ( $, .STERADIAN. ) SOLID_ANGLE_UNIT ( ) );
#47 = DIRECTION ( 'NONE',  ( 0.000000000000000000, -1.047444401652940007E-14, 1.000000000000000000 ) ) ;
#48 = MECHANICAL_DESIGN_GEOMETRIC_PRESENTATION_REPRESENTATION (  '', ( #505 ), #1030 ) ;
#49 = MECHANICAL_DESIGN_GEOMETRIC_PRESENTATION_REPRESENTATION (  '', ( #3113 ), #1857 ) ;
#50 = COLOUR_RGB ( '',0.8509803921568627194, 0.8509803921568627194, 0.8509803921568627194 ) ;
#51 = SURFACE_STYLE_USAGE ( .BOTH. , #1325 ) ;
#52 = VECTOR ( 'NONE', #1584, 1000.000000000000000 ) ;
#53 = VERTEX_POINT ( 'NONE', #1977 ) ;
#54 = DIRECTION ( 'NONE',  ( 0.000000000000000000, -1.000000000000000000, -1.047444401652940007E-14 ) ) ;
#55 = DIRECTION ( 'NONE',  ( 0.000000000000000000, -1.047444401652940007E-14, 1.000000000000000000 ) ) ;
#56 = CARTESIAN_POINT ( 'NONE',  ( -1.299817182934787096, 0.9000000000000000222, 9.426999614876460059E-15 ) ) ;
#57 = EDGE_CURVE ( 'NONE', #1728, #1258, #1091, .T. ) ;
#58 = CARTESIAN_POINT ( 'NONE',  ( 0.3001828170652101613, 1.299999999999999822, 1.361677722148821851E-14 ) ) ;
#59 = ORIENTED_EDGE ( 'NONE', *, *, #2160, .T. ) ;
#60 = LINE ( 'NONE', #289, #2588 ) ;
#61 = EDGE_CURVE ( 'NONE', #2713, #1500, #2089, .T. ) ;
#62 = DIRECTION ( 'NONE',  ( 0.000000000000000000, 1.047444401652940007E-14, -1.000000000000000000 ) ) ;
#63 =( NAMED_UNIT ( * ) SI_UNIT ( $, .STERADIAN. ) SOLID_ANGLE_UNIT ( ) );
#64 = PRESENTATION_LAYER_ASSIGNMENT (  '', '', ( #944 ) ) ;
#65 = ORIENTED_EDGE ( 'NONE', *, *, #610, .T. ) ;
#66 = DIRECTION ( 'NONE',  ( -1.000000000000000000, 0.000000000000000000, 0.000000000000000000 ) ) ;
#67 = EDGE_CURVE ( 'NONE', #220, #1469, #1635, .T. ) ;
#68 = CARTESIAN_POINT ( 'NONE',  ( 0.3001828170652101613, -0.2009885622606487343, 0.3499999999999974798 ) ) ;
#69 = CARTESIAN_POINT ( 'NONE',  ( 0.0001828170652154459397, 0.000000000000000000, 0.000000000000000000 ) ) ;
#70 = FACE_OUTER_BOUND ( 'NONE', #2343, .T. ) ;
#71 = UNCERTAINTY_MEASURE_WITH_UNIT (LENGTH_MEASURE( 1.000000000000000082E-05 ), #1567, 'distance_accuracy_value', 'NONE');
#72 = ORIENTED_EDGE ( 'NONE', *, *, #2811, .T. ) ;
#73 = FILL_AREA_STYLE_COLOUR ( '', #2600 ) ;
#74 = APPLICATION_CONTEXT ( 'automotive_design' ) ;
#75 = AXIS2_PLACEMENT_3D ( 'NONE', #1537, #1028, #251 ) ;
#76 = VERTEX_POINT ( 'NONE', #1897 ) ;
#77 = PRESENTATION_LAYER_ASSIGNMENT (  '', '', ( #1120 ) ) ;
#78 =( NAMED_UNIT ( * ) SI_UNIT ( $, .STERADIAN. ) SOLID_ANGLE_UNIT ( ) );
#79 = SURFACE_SIDE_STYLE ('',( #759 ) ) ;
#80 = STYLED_ITEM ( 'NONE', ( #524 ), #2056 ) ;
#81 = DIRECTION ( 'NONE',  ( -0.000000000000000000, -1.047444401652940007E-14, 1.000000000000000000 ) ) ;
#82 = CARTESIAN_POINT ( 'NONE',  ( -0.2998171829347862083, -0.2009885622606471800, 0.1999999999999966804 ) ) ;
#83 = SURFACE_STYLE_FILL_AREA ( #2313 ) ;
#84 = EDGE_CURVE ( 'NONE', #1198, #1451, #1632, .T. ) ;
#85 = ORIENTED_EDGE ( 'NONE', *, *, #1005, .F. ) ;
#86 = CARTESIAN_POINT ( 'NONE',  ( 0.3001828170652101613, -1.550000000000000266, -1.623538822562057326E-14 ) ) ;
#87 = VECTOR ( 'NONE', #713, 1000.000000000000000 ) ;
#88 = FILL_AREA_STYLE_COLOUR ( '', #2258 ) ;
#89 = ORIENTED_EDGE ( 'NONE', *, *, #1411, .F. ) ;
#90 = LINE ( 'NONE', #2805, #1599 ) ;
#91 = EDGE_CURVE ( 'NONE', #2023, #76, #636, .T. ) ;
#92 = FILL_AREA_STYLE_COLOUR ( '', #2208 ) ;
#93 = DIRECTION ( 'NONE',  ( 1.000000000000000000, 0.000000000000000000, 0.000000000000000000 ) ) ;
#94 = CARTESIAN_POINT ( 'NONE',  ( -1.499817182934785942, -0.9000000000000001332, -9.426999614876461637E-15 ) ) ;
#95 = DIRECTION ( 'NONE',  ( -1.000000000000000000, 0.000000000000000000, 0.000000000000000000 ) ) ;
#96 = ADVANCED_FACE ( 'NONE', ( #2379 ), #2408, .F. ) ;
#97 = LINE ( 'NONE', #82, #1224 ) ;
#98 = COLOUR_RGB ( '',0.8431372549019607865, 0.8156862745098039102, 0.7529411764705882248 ) ;
#99 =( GEOMETRIC_REPRESENTATION_CONTEXT ( 3 ) GLOBAL_UNCERTAINTY_ASSIGNED_CONTEXT ( ( #3167 ) ) GLOBAL_UNIT_ASSIGNED_CONTEXT ( ( #932, #430, #1922 ) ) REPRESENTATION_CONTEXT ( 'NONE', 'WORKASPACE' ) );
#100 = SURFACE_STYLE_USAGE ( .BOTH. , #1847 ) ;
#101 = UNCERTAINTY_MEASURE_WITH_UNIT (LENGTH_MEASURE( 1.000000000000000082E-05 ), #2302, 'distance_accuracy_value', 'NONE');
#102 = VECTOR ( 'NONE', #2479, 1000.000000000000000 ) ;
#103 = AXIS2_PLACEMENT_3D ( 'NONE', #3049, #1038, #2759 ) ;
#104 = ORIENTED_EDGE ( 'NONE', *, *, #2186, .F. ) ;
#105 = AXIS2_PLACEMENT_3D ( 'NONE', #1335, #2615, #1854 ) ;
#106 = DIRECTION ( 'NONE',  ( 0.000000000000000000, -1.047444401652940007E-14, 1.000000000000000000 ) ) ;
#107 = ORIENTED_EDGE ( 'NONE', *, *, #1604, .T. ) ;
#108 = LINE ( 'NONE', #2388, #2994 ) ;
#109 =( LENGTH_UNIT ( ) NAMED_UNIT ( * ) SI_UNIT ( .MILLI., .METRE. ) );
#110 = CIRCLE ( 'NONE', #1920, 0.2999999999999999334 ) ;
#111 = CARTESIAN_POINT ( 'NONE',  ( 0.0001828170652154459397, -7.541599691901152586E-15, 0.7199999999999984190 ) ) ;
#112 = FACE_OUTER_BOUND ( 'NONE', #1013, .T. ) ;
#113 = EDGE_CURVE ( 'NONE', #2196, #1322, #2872, .T. ) ;
#114 = ORIENTED_EDGE ( 'NONE', *, *, #2380, .T. ) ;
#115 = CARTESIAN_POINT ( 'NONE',  ( 0.4244468857771063752, 0.3499999999999961475, 0.3500000000000033085 ) ) ;
#116 = CARTESIAN_POINT ( 'NONE',  ( 0.0001828170652154459397, -1.780655482809997932E-15, 0.1700000000000000122 ) ) ;
#117 = DIRECTION ( 'NONE',  ( -1.000000000000000000, 0.000000000000000000, 0.000000000000000000 ) ) ;
#118 = CARTESIAN_POINT ( 'NONE',  ( 0.7747794863067134497, 0.3499999999999950928, 0.4500000000000026756 ) ) ;
#119 = CARTESIAN_POINT ( 'NONE',  ( 1.300182817065210994, 1.299999999999999822, 1.361677722148821851E-14 ) ) ;
#120 = AXIS2_PLACEMENT_3D ( 'NONE', #3046, #275, #62 ) ;
#121 = EDGE_LOOP ( 'NONE', ( #1830, #1206, #13, #2705 ) ) ;
#122 = FILL_AREA_STYLE ('',( #845 ) ) ;
#123 = SURFACE_STYLE_FILL_AREA ( #3136 ) ;
#124 = SURFACE_STYLE_FILL_AREA ( #890 ) ;
#125 = ADVANCED_FACE ( 'NONE', ( #177 ), #708, .T. ) ;
#126 = PLANE ( 'NONE',  #3031 ) ;
#127 = VERTEX_POINT ( 'NONE', #2666 ) ;
#128 = LINE ( 'NONE', #2630, #2168 ) ;
#129 = CIRCLE ( 'NONE', #534, 1.000000000000000000 ) ;
#130 =( NAMED_UNIT ( * ) PLANE_ANGLE_UNIT ( ) SI_UNIT ( $, .RADIAN. ) );
#131 = DIRECTION ( 'NONE',  ( 0.000000000000000000, -1.047444401652940007E-14, 1.000000000000000000 ) ) ;
#132 =( NAMED_UNIT ( * ) PLANE_ANGLE_UNIT ( ) SI_UNIT ( $, .RADIAN. ) );
#133 = ORIENTED_EDGE ( 'NONE', *, *, #2936, .F. ) ;
#134 = LINE ( 'NONE', #1090, #988 ) ;
#135 = FILL_AREA_STYLE ('',( #1160 ) ) ;
#136 = SURFACE_STYLE_USAGE ( .BOTH. , #620 ) ;
#137 = COLOUR_RGB ( '',0.8431372549019607865, 0.8156862745098039102, 0.7529411764705882248 ) ;
#138 =( NAMED_UNIT ( * ) SI_UNIT ( $, .STERADIAN. ) SOLID_ANGLE_UNIT ( ) );
#139 = PRESENTATION_LAYER_ASSIGNMENT (  '', '', ( #1628 ) ) ;
#140 = STYLED_ITEM ( 'NONE', ( #827 ), #2247 ) ;
#141 = ORIENTED_EDGE ( 'NONE', *, *, #2839, .T. ) ;
#142 = DIRECTION ( 'NONE',  ( -8.881669847553453851E-16, 1.000000000000000000, 1.047444401652940007E-14 ) ) ;
#143 = CARTESIAN_POINT ( 'NONE',  ( -4.318768448973789198, 0.8999999999999995781, 9.426999614876455326E-15 ) ) ;
#144 = SURFACE_STYLE_FILL_AREA ( #1563 ) ;
#145 = ORIENTED_EDGE ( 'NONE', *, *, #583, .F. ) ;
#146 = EDGE_CURVE ( 'NONE', #8, #2597, #1603, .T. ) ;
#147 = DIRECTION ( 'NONE',  ( 0.000000000000000000, 1.047444401652940007E-14, -1.000000000000000000 ) ) ;
#148 = FILL_AREA_STYLE_COLOUR ( '', #416 ) ;
#149 = ORIENTED_EDGE ( 'NONE', *, *, #408, .F. ) ;
#150 = CARTESIAN_POINT ( 'NONE',  ( 1.000182817065209395, 0.9000000000000000222, 9.426999614876460059E-15 ) ) ;
#151 = SURFACE_SIDE_STYLE ('',( #2619 ) ) ;
#152 = FILL_AREA_STYLE_COLOUR ( '', #3096 ) ;
#153 = EDGE_CURVE ( 'NONE', #895, #2925, #756, .T. ) ;
#154 = FILL_AREA_STYLE_COLOUR ( '', #2685 ) ;
#155 = AXIS2_PLACEMENT_3D ( 'NONE', #2153, #2690, #3186 ) ;
#156 = ORIENTED_EDGE ( 'NONE', *, *, #1447, .F. ) ;
#157 = CARTESIAN_POINT ( 'NONE',  ( 1.000182817065209395, -1.000000000000000000, -1.047444401652940007E-14 ) ) ;
#158 =( GEOMETRIC_REPRESENTATION_CONTEXT ( 3 ) GLOBAL_UNCERTAINTY_ASSIGNED_CONTEXT ( ( #2540 ) ) GLOBAL_UNIT_ASSIGNED_CONTEXT ( ( #356, #132, #874 ) ) REPRESENTATION_CONTEXT ( 'NONE', 'WORKASPACE' ) );
#159 = ORIENTED_EDGE ( 'NONE', *, *, #728, .F. ) ;
#160 = CARTESIAN_POINT ( 'NONE',  ( 0.0001828170652154673798, -0.1750000000000121458, 0.7999999999999968248 ) ) ;
#161 = CARTESIAN_POINT ( 'NONE',  ( 0.0001828170652154459397, -6.808388610744123453E-15, 0.6500000000000012434 ) ) ;
#162 = CARTESIAN_POINT ( 'NONE',  ( -0.9998171829347785033, -0.2009885622606450983, -2.105243443361860554E-15 ) ) ;
#163 = VERTEX_POINT ( 'NONE', #1706 ) ;
#164 = CARTESIAN_POINT ( 'NONE',  ( -0.9298171829347847694, -6.284666409917638462E-15, 0.5999999999999998668 ) ) ;
#165 = CARTESIAN_POINT ( 'NONE',  ( 1.500182817065209839, 0.9000000000000000222, 9.426999614876460059E-15 ) ) ;
#166 = EDGE_CURVE ( 'NONE', #2490, #857, #2934, .T. ) ;
#167 = UNCERTAINTY_MEASURE_WITH_UNIT (LENGTH_MEASURE( 1.000000000000000082E-05 ), #2525, 'distance_accuracy_value', 'NONE');
#168 = CIRCLE ( 'NONE', #1516, 0.9300000000000000488 ) ;
#169 = ORIENTED_EDGE ( 'NONE', *, *, #2132, .F. ) ;
#170 = CARTESIAN_POINT ( 'NONE',  ( 0.0001828170652154459397, 0.000000000000000000, 0.000000000000000000 ) ) ;
#171 = UNCERTAINTY_MEASURE_WITH_UNIT (LENGTH_MEASURE( 1.000000000000000082E-05 ), #641, 'distance_accuracy_value', 'NONE');
#172 = ORIENTED_EDGE ( 'NONE', *, *, #2224, .F. ) ;
#173 = FACE_OUTER_BOUND ( 'NONE', #2470, .T. ) ;
#174 = DIRECTION ( 'NONE',  ( -1.000000000000000000, 0.000000000000000000, 0.000000000000000000 ) ) ;
#175 = EDGE_LOOP ( 'NONE', ( #1747, #3006, #2689, #414 ) ) ;
#176 = FACE_OUTER_BOUND ( 'NONE', #2377, .T. ) ;
#177 = FACE_OUTER_BOUND ( 'NONE', #2519, .T. ) ;
#178 = FILL_AREA_STYLE ('',( #1220 ) ) ;
#179 =( GEOMETRIC_REPRESENTATION_CONTEXT ( 3 ) GLOBAL_UNCERTAINTY_ASSIGNED_CONTEXT ( ( #1848 ) ) GLOBAL_UNIT_ASSIGNED_CONTEXT ( ( #109, #130, #407 ) ) REPRESENTATION_CONTEXT ( 'NONE', 'WORKASPACE' ) );
#180 = AXIS2_PLACEMENT_3D ( 'NONE', #1467, #1201, #1174 ) ;
#181 = MECHANICAL_DESIGN_GEOMETRIC_PRESENTATION_REPRESENTATION (  '', ( #1782 ), #2520 ) ;
#182 = ORIENTED_EDGE ( 'NONE', *, *, #296, .F. ) ;
#183 = DIRECTION ( 'NONE',  ( 0.000000000000000000, 0.000000000000000000, 1.000000000000000000 ) ) ;
#184 = EDGE_CURVE ( 'NONE', #3212, #1795, #1443, .T. ) ;
#185 = ORIENTED_EDGE ( 'NONE', *, *, #1455, .T. ) ;
#186 = FILL_AREA_STYLE ('',( #202 ) ) ;
#187 = DIRECTION ( 'NONE',  ( 0.000000000000000000, 1.047444401652940007E-14, -1.000000000000000000 ) ) ;
#188 = DIRECTION ( 'NONE',  ( -1.000000000000000000, 0.000000000000000000, 0.000000000000000000 ) ) ;
#189 = PRESENTATION_LAYER_ASSIGNMENT (  '', '', ( #2684 ) ) ;
#190 = ORIENTED_EDGE ( 'NONE', *, *, #532, .F. ) ;
#191 = DIRECTION ( 'NONE',  ( 0.000000000000000000, 1.047444401652940007E-14, -1.000000000000000000 ) ) ;
#192 = VECTOR ( 'NONE', #2926, 1000.000000000000000 ) ;
#193 =( GEOMETRIC_REPRESENTATION_CONTEXT ( 3 ) GLOBAL_UNCERTAINTY_ASSIGNED_CONTEXT ( ( #3097 ) ) GLOBAL_UNIT_ASSIGNED_CONTEXT ( ( #595, #613, #1410 ) ) REPRESENTATION_CONTEXT ( 'NONE', 'WORKASPACE' ) );
#194 = FACE_OUTER_BOUND ( 'NONE', #390, .T. ) ;
#195 = CIRCLE ( 'NONE', #2007, 1.000000000000000000 ) ;
#196 = UNCERTAINTY_MEASURE_WITH_UNIT (LENGTH_MEASURE( 1.000000000000000082E-05 ), #530, 'distance_accuracy_value', 'NONE');
#197 = ADVANCED_FACE ( 'NONE', ( #2471 ), #2892, .T. ) ;
#198 = ORIENTED_EDGE ( 'NONE', *, *, #728, .T. ) ;
#199 = DIRECTION ( 'NONE',  ( 1.000000000000000000, 0.000000000000000000, 0.000000000000000000 ) ) ;
#200 = VECTOR ( 'NONE', #612, 1000.000000000000000 ) ;
#201 = EDGE_LOOP ( 'NONE', ( #3128, #1222, #3175, #1483 ) ) ;
#202 = FILL_AREA_STYLE_COLOUR ( '', #2946 ) ;
#203 = SURFACE_STYLE_USAGE ( .BOTH. , #2691 ) ;
#204 = CARTESIAN_POINT ( 'NONE',  ( -1.499817182934785942, 0.9000000000000000222, 9.426999614876460059E-15 ) ) ;
#205 = AXIS2_PLACEMENT_3D ( 'NONE', #2716, #521, #2300 ) ;
#206 = VECTOR ( 'NONE', #3174, 1000.000000000000000 ) ;
#207 = EDGE_CURVE ( 'NONE', #2114, #2143, #2329, .T. ) ;
#208 = FILL_AREA_STYLE_COLOUR ( '', #3154 ) ;
#209 = SURFACE_STYLE_USAGE ( .BOTH. , #225 ) ;
#210 = ORIENTED_EDGE ( 'NONE', *, *, #1161, .F. ) ;
#211 = SURFACE_STYLE_USAGE ( .BOTH. , #2906 ) ;
#212 = SURFACE_SIDE_STYLE ('',( #1466 ) ) ;
#213 = EDGE_CURVE ( 'NONE', #485, #2317, #195, .T. ) ;
#214 = AXIS2_PLACEMENT_3D ( 'NONE', #1753, #2767, #2061 ) ;
#215 = CARTESIAN_POINT ( 'NONE',  ( 1.500182817065209839, -0.9000000000000001332, -9.426999614876461637E-15 ) ) ;
#216 = DIRECTION ( 'NONE',  ( 0.000000000000000000, 1.047444401652940007E-14, -1.000000000000000000 ) ) ;
#217 = PRESENTATION_STYLE_ASSIGNMENT (( #1746 ) ) ;
#218 = VERTEX_POINT ( 'NONE', #2961 ) ;
#219 = DIRECTION ( 'NONE',  ( 1.000000000000000000, 0.000000000000000000, 0.000000000000000000 ) ) ;
#220 = VERTEX_POINT ( 'NONE', #2500 ) ;
#221 =( NAMED_UNIT ( * ) PLANE_ANGLE_UNIT ( ) SI_UNIT ( $, .RADIAN. ) );
#222 =( NAMED_UNIT ( * ) SI_UNIT ( $, .STERADIAN. ) SOLID_ANGLE_UNIT ( ) );
#223 = CARTESIAN_POINT ( 'NONE',  ( 0.0001828170652154459397, 0.000000000000000000, 0.000000000000000000 ) ) ;
#224 = FILL_AREA_STYLE_COLOUR ( '', #1326 ) ;
#225 = SURFACE_SIDE_STYLE ('',( #2203 ) ) ;
#226 = EDGE_LOOP ( 'NONE', ( #1994, #2882 ) ) ;
#227 = DIRECTION ( 'NONE',  ( -1.000000000000000000, 0.000000000000000000, 0.000000000000000000 ) ) ;
#228 = DIRECTION ( 'NONE',  ( -1.734723475976806463E-14, 1.000000000000000000, 1.047444401652940007E-14 ) ) ;
#229 = CIRCLE ( 'NONE', #75, 0.005000000000003753178 ) ;
#230 =( LENGTH_UNIT ( ) NAMED_UNIT ( * ) SI_UNIT ( .MILLI., .METRE. ) );
#231 = ORIENTED_EDGE ( 'NONE', *, *, #1621, .F. ) ;
#232 = LINE ( 'NONE', #1223, #1679 ) ;
#233 = VECTOR ( 'NONE', #1054, 1000.000000000000000 ) ;
#234 = ORIENTED_EDGE ( 'NONE', *, *, #2415, .F. ) ;
#235 =( GEOMETRIC_REPRESENTATION_CONTEXT ( 3 ) GLOBAL_UNCERTAINTY_ASSIGNED_CONTEXT ( ( #454 ) ) GLOBAL_UNIT_ASSIGNED_CONTEXT ( ( #18, #2937, #2460 ) ) REPRESENTATION_CONTEXT ( 'NONE', 'WORKASPACE' ) );
#236 = CYLINDRICAL_SURFACE ( 'NONE', #1506, 0.1750000000000037637 ) ;
#237 = VECTOR ( 'NONE', #2110, 1000.000000000000000 ) ;
#238 = ADVANCED_FACE ( 'NONE', ( #14 ), #2694, .T. ) ;
#239 = CARTESIAN_POINT ( 'NONE',  ( 0.0001216544119123086354, -1.151612261509442446E-14, 1.099449536120598259 ) ) ;
#240 =( NAMED_UNIT ( * ) PLANE_ANGLE_UNIT ( ) SI_UNIT ( $, .RADIAN. ) );
#241 = ORIENTED_EDGE ( 'NONE', *, *, #1336, .F. ) ;
#242 = MECHANICAL_DESIGN_GEOMETRIC_PRESENTATION_REPRESENTATION (  '', ( #2684 ), #2324 ) ;
#243 = SURFACE_SIDE_STYLE ('',( #2209 ) ) ;
#244 = FILL_AREA_STYLE ('',( #2668 ) ) ;
#245 = VECTOR ( 'NONE', #2567, 1000.000000000000000 ) ;
#246 =( LENGTH_UNIT ( ) NAMED_UNIT ( * ) SI_UNIT ( .MILLI., .METRE. ) );
#247 = ORIENTED_EDGE ( 'NONE', *, *, #2780, .T. ) ;
#248 = SURFACE_STYLE_USAGE ( .BOTH. , #472 ) ;
#249 = ORIENTED_EDGE ( 'NONE', *, *, #971, .F. ) ;
#250 = CARTESIAN_POINT ( 'NONE',  ( -4.318768448973789198, -1.300000000000003819, 0.3499999999999859890 ) ) ;
#251 = DIRECTION ( 'NONE',  ( 0.000000000000000000, 1.000000000000000000, 0.000000000000000000 ) ) ;
#252 = CIRCLE ( 'NONE', #105, 0.8499999999999999778 ) ;
#253 = PRESENTATION_STYLE_ASSIGNMENT (( #2187 ) ) ;
#254 = DIRECTION ( 'NONE',  ( 1.000000000000000000, 0.000000000000000000, 0.000000000000000000 ) ) ;
#255 = ORIENTED_EDGE ( 'NONE', *, *, #3197, .F. ) ;
#256 = PLANE ( 'NONE',  #2909 ) ;
#257 = FILL_AREA_STYLE ('',( #2485 ) ) ;
#258 = MECHANICAL_DESIGN_GEOMETRIC_PRESENTATION_REPRESENTATION (  '', ( #3056 ), #2904 ) ;
#259 = FILL_AREA_STYLE ('',( #2758 ) ) ;
#260 = VECTOR ( 'NONE', #1263, 1000.000000000000000 ) ;
#261 = PRESENTATION_LAYER_ASSIGNMENT (  '', '', ( #3060 ) ) ;
#262 = AXIS2_PLACEMENT_3D ( 'NONE', #1396, #1159, #617 ) ;
#263 = ADVANCED_FACE ( 'NONE', ( #2992 ), #2363, .T. ) ;
#264 = SURFACE_STYLE_FILL_AREA ( #1450 ) ;
#265 = ORIENTED_EDGE ( 'NONE', *, *, #91, .T. ) ;
#266 = AXIS2_PLACEMENT_3D ( 'NONE', #1353, #2401, #642 ) ;
#267 = SURFACE_SIDE_STYLE ('',( #83 ) ) ;
#268 = ORIENTED_EDGE ( 'NONE', *, *, #2669, .F. ) ;
#269 = SURFACE_SIDE_STYLE ('',( #1269 ) ) ;
#270 = CARTESIAN_POINT ( 'NONE',  ( 0.0001828170652154459397, -6.808388610744123453E-15, 0.6500000000000012434 ) ) ;
#271 = ORIENTED_EDGE ( 'NONE', *, *, #600, .T. ) ;
#272 = CARTESIAN_POINT ( 'NONE',  ( -1.499817182934785942, 0.8999999999999984679, 0.1500000000000102640 ) ) ;
#273 = EDGE_CURVE ( 'NONE', #2337, #2462, #129, .T. ) ;
#274 = SURFACE_STYLE_FILL_AREA ( #257 ) ;
#275 = DIRECTION ( 'NONE',  ( 1.000000000000000000, 0.000000000000000000, 0.000000000000000000 ) ) ;
#276 = LINE ( 'NONE', #1052, #880 ) ;
#277 = LINE ( 'NONE', #582, #1652 ) ;
#278 = DIRECTION ( 'NONE',  ( 0.000000000000000000, 1.047444401652940007E-14, -1.000000000000000000 ) ) ;
#279 = AXIS2_PLACEMENT_3D ( 'NONE', #3013, #335, #547 ) ;
#280 = SURFACE_STYLE_USAGE ( .BOTH. , #517 ) ;
#281 = DIRECTION ( 'NONE',  ( 0.000000000000000000, 1.047444401652940007E-14, -1.000000000000000000 ) ) ;
#282 = EDGE_LOOP ( 'NONE', ( #3159, #2299, #1043, #2845, #699, #2461, #59, #2483 ) ) ;
#283 = SURFACE_STYLE_USAGE ( .BOTH. , #1997 ) ;
#284 = CONICAL_SURFACE ( 'NONE', #2719, 1.000000000000000000, 0.7853981633974476129 ) ;
#285 = SURFACE_SIDE_STYLE ('',( #1061 ) ) ;
#286 =( NAMED_UNIT ( * ) PLANE_ANGLE_UNIT ( ) SI_UNIT ( $, .RADIAN. ) );
#287 = STYLED_ITEM ( 'NONE', ( #1712 ), #684 ) ;
#288 = ORIENTED_EDGE ( 'NONE', *, *, #1270, .F. ) ;
#289 = CARTESIAN_POINT ( 'NONE',  ( -4.318768448973789198, -1.550000000000003819, 0.3499999999999834355 ) ) ;
#290 = COLOUR_RGB ( '',0.8509803921568627194, 0.8509803921568627194, 0.8509803921568627194 ) ;
#291 =( NAMED_UNIT ( * ) PLANE_ANGLE_UNIT ( ) SI_UNIT ( $, .RADIAN. ) );
#292 = DIRECTION ( 'NONE',  ( 1.000000000000000000, 0.000000000000000000, 0.000000000000000000 ) ) ;
#293 = ORIENTED_EDGE ( 'NONE', *, *, #2607, .T. ) ;
#294 = FACE_BOUND ( 'NONE', #226, .T. ) ;
#295 = CARTESIAN_POINT ( 'NONE',  ( -1.299817182934787096, -1.000000000000000000, -1.047444401652940007E-14 ) ) ;
#296 = EDGE_CURVE ( 'NONE', #1008, #729, #1541, .T. ) ;
#297 = AXIS2_PLACEMENT_3D ( 'NONE', #763, #281, #570 ) ;
#298 = ORIENTED_EDGE ( 'NONE', *, *, #1104, .T. ) ;
#299 = CARTESIAN_POINT ( 'NONE',  ( -0.2998171829347862083, 0.8999999999999991340, 9.426999614876450593E-15 ) ) ;
#300 = FILL_AREA_STYLE_COLOUR ( '', #1293 ) ;
#301 = DIRECTION ( 'NONE',  ( 1.000000000000000000, 0.000000000000000000, 0.000000000000000000 ) ) ;
#302 = CARTESIAN_POINT ( 'NONE',  ( 0.0001828170652154459397, 0.3450000000000038036, 3.609327704608492512E-15 ) ) ;
#303 = VERTEX_POINT ( 'NONE', #804 ) ;
#304 = DIRECTION ( 'NONE',  ( 0.000000000000000000, -1.047444401652940007E-14, 1.000000000000000000 ) ) ;
#305 = PLANE ( 'NONE',  #2650 ) ;
#306 = EDGE_CURVE ( 'NONE', #2782, #2462, #323, .T. ) ;
#307 = SURFACE_SIDE_STYLE ('',( #1018 ) ) ;
#308 = DIRECTION ( 'NONE',  ( 0.000000000000000000, 1.047444401652940007E-14, -1.000000000000000000 ) ) ;
#309 = ADVANCED_FACE ( 'NONE', ( #840 ), #305, .T. ) ;
#310 =( GEOMETRIC_REPRESENTATION_CONTEXT ( 3 ) GLOBAL_UNCERTAINTY_ASSIGNED_CONTEXT ( ( #2082 ) ) GLOBAL_UNIT_ASSIGNED_CONTEXT ( ( #1815, #1369, #2798 ) ) REPRESENTATION_CONTEXT ( 'NONE', 'WORKASPACE' ) );
#311 = VECTOR ( 'NONE', #1990, 1000.000000000000000 ) ;
#312 = CARTESIAN_POINT ( 'NONE',  ( 0.0001828170652154459397, -4.713499807438219774E-15, 0.4499999999999990119 ) ) ;
#313 = AXIS2_PLACEMENT_3D ( 'NONE', #2583, #3129, #1884 ) ;
#314 = SURFACE_STYLE_USAGE ( .BOTH. , #267 ) ;
#315 = AXIS2_PLACEMENT_3D ( 'NONE', #588, #797, #3008 ) ;
#316 = ORIENTED_EDGE ( 'NONE', *, *, #1235, .T. ) ;
#317 = PLANE ( 'NONE',  #2790 ) ;
#318 = DIRECTION ( 'NONE',  ( 0.000000000000000000, -1.047444401652940007E-14, 1.000000000000000000 ) ) ;
#319 = FILL_AREA_STYLE_COLOUR ( '', #799 ) ;
#320 = LINE ( 'NONE', #1257, #2129 ) ;
#321 = VERTEX_POINT ( 'NONE', #1731 ) ;
#322 = CARTESIAN_POINT ( 'NONE',  ( 0.9301828170652087779, -6.808388610744123453E-15, 0.6500000000000012434 ) ) ;
#323 = LINE ( 'NONE', #2533, #1379 ) ;
#324 = DIRECTION ( 'NONE',  ( 2.220446049250309876E-16, -1.000000000000000000, -1.047444401652940007E-14 ) ) ;
#325 = CARTESIAN_POINT ( 'NONE',  ( -1.299817182934787096, 0.9999999999999961142, 0.3500000000000100808 ) ) ;
#326 =( GEOMETRIC_REPRESENTATION_CONTEXT ( 3 ) GLOBAL_UNCERTAINTY_ASSIGNED_CONTEXT ( ( #3017 ) ) GLOBAL_UNIT_ASSIGNED_CONTEXT ( ( #421, #2870, #2581 ) ) REPRESENTATION_CONTEXT ( 'NONE', 'WORKASPACE' ) );
#327 = SURFACE_STYLE_USAGE ( .BOTH. , #79 ) ;
#328 = FACE_OUTER_BOUND ( 'NONE', #2402, .T. ) ;
#329 = UNCERTAINTY_MEASURE_WITH_UNIT (LENGTH_MEASURE( 1.000000000000000082E-05 ), #2116, 'distance_accuracy_value', 'NONE');
#330 = ADVANCED_FACE ( 'NONE', ( #750 ), #236, .F. ) ;
#331 = ORIENTED_EDGE ( 'NONE', *, *, #2610, .T. ) ;
#332 = COLOUR_RGB ( '',0.9686274509803921573, 0.8784313725490195957, 0.5999999999999999778 ) ;
#333 = ORIENTED_EDGE ( 'NONE', *, *, #1787, .T. ) ;
#334 = FACE_OUTER_BOUND ( 'NONE', #1434, .T. ) ;
#335 = DIRECTION ( 'NONE',  ( 0.000000000000000000, 1.047444401652940007E-14, -1.000000000000000000 ) ) ;
#336 = VECTOR ( 'NONE', #1650, 1000.000000000000114 ) ;
#337 = AXIS2_PLACEMENT_3D ( 'NONE', #889, #1623, #2626 ) ;
#338 = DIRECTION ( 'NONE',  ( -0.000000000000000000, 1.000000000000000000, 1.047444401652940007E-14 ) ) ;
#339 = ORIENTED_EDGE ( 'NONE', *, *, #1733, .T. ) ;
#340 = MECHANICAL_DESIGN_GEOMETRIC_PRESENTATION_REPRESENTATION (  '', ( #1124 ), #1579 ) ;
#341 = PRESENTATION_LAYER_ASSIGNMENT (  '', '', ( #445 ) ) ;
#342 = CARTESIAN_POINT ( 'NONE',  ( -0.2998171829347862083, -0.2009885622606487343, 0.3499999999999974798 ) ) ;
#343 =( LENGTH_UNIT ( ) NAMED_UNIT ( * ) SI_UNIT ( .MILLI., .METRE. ) );
#344 = PRODUCT_DEFINITION ( '未知', '', #2950, #2575 ) ;
#345 = MECHANICAL_DESIGN_GEOMETRIC_PRESENTATION_REPRESENTATION (  '', ( #1734 ), #2108 ) ;
#346 = ORIENTED_EDGE ( 'NONE', *, *, #213, .F. ) ;
#347 = DIRECTION ( 'NONE',  ( 1.000000000000000000, 0.000000000000000000, 0.000000000000000000 ) ) ;
#348 = SURFACE_STYLE_USAGE ( .BOTH. , #2096 ) ;
#349 = VECTOR ( 'NONE', #3036, 1000.000000000000000 ) ;
#350 = MECHANICAL_DESIGN_GEOMETRIC_PRESENTATION_REPRESENTATION (  '', ( #445 ), #2840 ) ;
#351 = ORIENTED_EDGE ( 'NONE', *, *, #2429, .T. ) ;
#352 = CARTESIAN_POINT ( 'NONE',  ( 0.0001828170652154459397, -8.379555213223505853E-15, 0.7999999999999986011 ) ) ;
#353 = FILL_AREA_STYLE ('',( #787 ) ) ;
#354 = SURFACE_STYLE_USAGE ( .BOTH. , #2357 ) ;
#355 = CARTESIAN_POINT ( 'NONE',  ( 0.0001828170652154459397, -5.760944209091153470E-15, 0.5499999999999983791 ) ) ;
#356 =( LENGTH_UNIT ( ) NAMED_UNIT ( * ) SI_UNIT ( .MILLI., .METRE. ) );
#357 = FILL_AREA_STYLE_COLOUR ( '', #3062 ) ;
#358 = EDGE_CURVE ( 'NONE', #1613, #127, #2217, .T. ) ;
#359 = VECTOR ( 'NONE', #387, 1000.000000000000000 ) ;
#360 =( LENGTH_UNIT ( ) NAMED_UNIT ( * ) SI_UNIT ( .MILLI., .METRE. ) );
#361 = FACE_OUTER_BOUND ( 'NONE', #2248, .T. ) ;
#362 =( GEOMETRIC_REPRESENTATION_CONTEXT ( 3 ) GLOBAL_UNCERTAINTY_ASSIGNED_CONTEXT ( ( #196 ) ) GLOBAL_UNIT_ASSIGNED_CONTEXT ( ( #530, #2774, #63 ) ) REPRESENTATION_CONTEXT ( 'NONE', 'WORKASPACE' ) );
#363 = SURFACE_STYLE_FILL_AREA ( #1097 ) ;
#364 = EDGE_CURVE ( 'NONE', #127, #2085, #3188, .T. ) ;
#365 = CIRCLE ( 'NONE', #2175, 0.1699999999999999845 ) ;
#366 = UNCERTAINTY_MEASURE_WITH_UNIT (LENGTH_MEASURE( 1.000000000000000082E-05 ), #1181, 'distance_accuracy_value', 'NONE');
#367 = EDGE_LOOP ( 'NONE', ( #3065, #779, #1843, #346, #3185, #1539 ) ) ;
#368 =( LENGTH_UNIT ( ) NAMED_UNIT ( * ) SI_UNIT ( .MILLI., .METRE. ) );
#369 = VECTOR ( 'NONE', #2286, 1000.000000000000000 ) ;
#370 = FILL_AREA_STYLE_COLOUR ( '', #2097 ) ;
#371 = ORIENTED_EDGE ( 'NONE', *, *, #1713, .F. ) ;
#372 = CARTESIAN_POINT ( 'NONE',  ( 0.0001828170652154459397, 0.1750000000000019873, 0.1700000000000018441 ) ) ;
#373 = FACE_OUTER_BOUND ( 'NONE', #1305, .T. ) ;
#374 = ORIENTED_EDGE ( 'NONE', *, *, #1957, .T. ) ;
#375 = LINE ( 'NONE', #1649, #2953 ) ;
#376 = DIRECTION ( 'NONE',  ( 0.000000000000000000, 1.047444401652940007E-14, -1.000000000000000000 ) ) ;
#377 = DIRECTION ( 'NONE',  ( 1.000000000000000000, 0.000000000000000000, 0.000000000000000000 ) ) ;
#378 = LINE ( 'NONE', #119, #245 ) ;
#379 = EDGE_CURVE ( 'NONE', #1668, #2634, #1981, .T. ) ;
#380 = ORIENTED_EDGE ( 'NONE', *, *, #2610, .F. ) ;
#381 = CARTESIAN_POINT ( 'NONE',  ( -4.318768448973789198, -0.2009885622606466526, 0.1499999999999987177 ) ) ;
#382 = PRESENTATION_STYLE_ASSIGNMENT (( #606 ) ) ;
#383 = PRESENTATION_STYLE_ASSIGNMENT (( #348 ) ) ;
#384 = EDGE_CURVE ( 'NONE', #631, #995, #2198, .T. ) ;
#385 =( LENGTH_UNIT ( ) NAMED_UNIT ( * ) SI_UNIT ( .MILLI., .METRE. ) );
#386 = ORIENTED_EDGE ( 'NONE', *, *, #1354, .T. ) ;
#387 = DIRECTION ( 'NONE',  ( 0.000000000000000000, -1.047444401652940007E-14, 1.000000000000000000 ) ) ;
#388 = DIRECTION ( 'NONE',  ( -1.000000000000000000, 0.000000000000000000, 0.000000000000000000 ) ) ;
#389 = SURFACE_STYLE_FILL_AREA ( #2616 ) ;
#390 = EDGE_LOOP ( 'NONE', ( #446, #1409, #2955, #1662 ) ) ;
#391 = FILL_AREA_STYLE ('',( #357 ) ) ;
#392 = MECHANICAL_DESIGN_GEOMETRIC_PRESENTATION_REPRESENTATION (  '', ( #1781 ), #3026 ) ;
#393 = SURFACE_SIDE_STYLE ('',( #3112 ) ) ;
#394 = PRESENTATION_LAYER_ASSIGNMENT (  '', '', ( #1782 ) ) ;
#395 = SURFACE_STYLE_USAGE ( .BOTH. , #2621 ) ;
#396 =( GEOMETRIC_REPRESENTATION_CONTEXT ( 3 ) GLOBAL_UNCERTAINTY_ASSIGNED_CONTEXT ( ( #1681 ) ) GLOBAL_UNIT_ASSIGNED_CONTEXT ( ( #230, #1389, #4 ) ) REPRESENTATION_CONTEXT ( 'NONE', 'WORKASPACE' ) );
#397 = DIRECTION ( 'NONE',  ( -1.000000000000000000, 0.000000000000000000, 0.000000000000000000 ) ) ;
#398 = ORIENTED_EDGE ( 'NONE', *, *, #1367, .F. ) ;
#399 = FILL_AREA_STYLE_COLOUR ( '', #1449 ) ;
#400 = CARTESIAN_POINT ( 'NONE',  ( 1.300182817065210994, 0.9999999999999997780, 1.047444401652939691E-14 ) ) ;
#401 = EDGE_CURVE ( 'NONE', #1076, #1019, #3170, .T. ) ;
#402 = UNCERTAINTY_MEASURE_WITH_UNIT (LENGTH_MEASURE( 1.000000000000000082E-05 ), #2739, 'distance_accuracy_value', 'NONE');
#403 = ADVANCED_FACE ( 'NONE', ( #10 ), #2929, .T. ) ;
#404 = EDGE_LOOP ( 'NONE', ( #2614, #172, #169, #479, #604, #2730, #2221, #3203, #921, #2134 ) ) ;
#405 = LINE ( 'NONE', #3123, #1404 ) ;
#406 = STYLED_ITEM ( 'NONE', ( #1531 ), #768 ) ;
#407 =( NAMED_UNIT ( * ) SI_UNIT ( $, .STERADIAN. ) SOLID_ANGLE_UNIT ( ) );
#408 = EDGE_CURVE ( 'NONE', #1343, #1935, #1702, .T. ) ;
#409 = DIRECTION ( 'NONE',  ( 0.000000000000000000, 1.047444401652940007E-14, -1.000000000000000000 ) ) ;
#410 = ORIENTED_EDGE ( 'NONE', *, *, #1294, .F. ) ;
#411 = CARTESIAN_POINT ( 'NONE',  ( 1.000182817065209395, -1.300000000000003819, 0.3499999999999859890 ) ) ;
#412 = AXIS2_PLACEMENT_3D ( 'NONE', #1033, #2735, #1510 ) ;
#413 = EDGE_CURVE ( 'NONE', #2384, #1193, #2701, .T. ) ;
#414 = ORIENTED_EDGE ( 'NONE', *, *, #1957, .F. ) ;
#415 = CARTESIAN_POINT ( 'NONE',  ( -0.9998171829347785033, -0.2009885622606450983, -2.105243443361860554E-15 ) ) ;
#416 = COLOUR_RGB ( '',0.8431372549019607865, 0.8156862745098039102, 0.7529411764705882248 ) ;
#417 = COLOUR_RGB ( '',0.8509803921568627194, 0.8509803921568627194, 0.8509803921568627194 ) ;
#418 = COLOUR_RGB ( '',0.8431372549019607865, 0.8156862745098039102, 0.7529411764705882248 ) ;
#419 = ORIENTED_EDGE ( 'NONE', *, *, #682, .F. ) ;
#420 = VECTOR ( 'NONE', #1880, 1000.000000000000000 ) ;
#421 =( LENGTH_UNIT ( ) NAMED_UNIT ( * ) SI_UNIT ( .MILLI., .METRE. ) );
#422 = ORIENTED_EDGE ( 'NONE', *, *, #57, .F. ) ;
#423 = CARTESIAN_POINT ( 'NONE',  ( 0.0001828170652154459397, -8.379555213223505853E-15, 0.7999999999999986011 ) ) ;
#424 = STYLED_ITEM ( 'NONE', ( #1045 ), #490 ) ;
#425 =( NAMED_UNIT ( * ) PLANE_ANGLE_UNIT ( ) SI_UNIT ( $, .RADIAN. ) );
#426 = UNCERTAINTY_MEASURE_WITH_UNIT (LENGTH_MEASURE( 1.000000000000000082E-05 ), #1144, 'distance_accuracy_value', 'NONE');
#427 = ORIENTED_EDGE ( 'NONE', *, *, #1294, .T. ) ;
#428 = FACE_OUTER_BOUND ( 'NONE', #282, .T. ) ;
#429 = ORIENTED_EDGE ( 'NONE', *, *, #11, .F. ) ;
#430 =( NAMED_UNIT ( * ) PLANE_ANGLE_UNIT ( ) SI_UNIT ( $, .RADIAN. ) );
#431 = CARTESIAN_POINT ( 'NONE',  ( -4.318768448973789198, -0.2009885622606487343, 0.3499999999999974798 ) ) ;
#432 = SURFACE_STYLE_FILL_AREA ( #2662 ) ;
#433 = ORIENTED_EDGE ( 'NONE', *, *, #2900, .F. ) ;
#434 = CARTESIAN_POINT ( 'NONE',  ( -1.299817182934787096, -0.2009885622606466526, 0.1499999999999987177 ) ) ;
#435 = EDGE_CURVE ( 'NONE', #1613, #857, #2511, .T. ) ;
#436 = SURFACE_STYLE_FILL_AREA ( #2964 ) ;
#437 =( NAMED_UNIT ( * ) PLANE_ANGLE_UNIT ( ) SI_UNIT ( $, .RADIAN. ) );
#438 = AXIS2_PLACEMENT_3D ( 'NONE', #223, #2465, #3157 ) ;
#439 = AXIS2_PLACEMENT_3D ( 'NONE', #2244, #81, #3051 ) ;
#440 =( GEOMETRIC_REPRESENTATION_CONTEXT ( 3 ) GLOBAL_UNCERTAINTY_ASSIGNED_CONTEXT ( ( #1889 ) ) GLOBAL_UNIT_ASSIGNED_CONTEXT ( ( #2536, #2055, #2506 ) ) REPRESENTATION_CONTEXT ( 'NONE', 'WORKASPACE' ) );
#441 =( GEOMETRIC_REPRESENTATION_CONTEXT ( 3 ) GLOBAL_UNCERTAINTY_ASSIGNED_CONTEXT ( ( #1203 ) ) GLOBAL_UNIT_ASSIGNED_CONTEXT ( ( #800, #558, #850 ) ) REPRESENTATION_CONTEXT ( 'NONE', 'WORKASPACE' ) );
#442 = MECHANICAL_DESIGN_GEOMETRIC_PRESENTATION_REPRESENTATION (  '', ( #1578 ), #855 ) ;
#443 = ORIENTED_EDGE ( 'NONE', *, *, #1667, .T. ) ;
#444 = PRESENTATION_LAYER_ASSIGNMENT (  '', '', ( #140 ) ) ;
#445 = STYLED_ITEM ( 'NONE', ( #3191 ), #1128 ) ;
#446 = ORIENTED_EDGE ( 'NONE', *, *, #67, .F. ) ;
#447 = ADVANCED_FACE ( 'NONE', ( #1009 ), #1771, .T. ) ;
#448 =( NAMED_UNIT ( * ) SI_UNIT ( $, .STERADIAN. ) SOLID_ANGLE_UNIT ( ) );
#449 = VERTEX_POINT ( 'NONE', #2556 ) ;
#450 = DIRECTION ( 'NONE',  ( 0.000000000000000000, 1.047444401652940007E-14, -1.000000000000000000 ) ) ;
#451 = AXIS2_PLACEMENT_3D ( 'NONE', #1727, #2508, #498 ) ;
#452 = MECHANICAL_DESIGN_GEOMETRIC_PRESENTATION_REPRESENTATION (  '', ( #1726 ), #752 ) ;
#453 = DIRECTION ( 'NONE',  ( 1.000000000000000000, 1.110223024625159992E-16, 1.162896891729818049E-30 ) ) ;
#454 = UNCERTAINTY_MEASURE_WITH_UNIT (LENGTH_MEASURE( 1.000000000000000082E-05 ), #18, 'distance_accuracy_value', 'NONE');
#455 = ORIENTED_EDGE ( 'NONE', *, *, #2802, .F. ) ;
#456 = PRESENTATION_LAYER_ASSIGNMENT (  '', '', ( #3113 ) ) ;
#457 = EDGE_LOOP ( 'NONE', ( #114, #2494, #2651, #374 ) ) ;
#458 = PRESENTATION_STYLE_ASSIGNMENT (( #2646 ) ) ;
#459 = AXIS2_PLACEMENT_3D ( 'NONE', #1495, #2996, #292 ) ;
#460 = CIRCLE ( 'NONE', #2855, 0.0001828170652155417018 ) ;
#461 = CIRCLE ( 'NONE', #3172, 0.8499999999999999778 ) ;
#462 =( NAMED_UNIT ( * ) SI_UNIT ( $, .STERADIAN. ) SOLID_ANGLE_UNIT ( ) );
#463 = ORIENTED_EDGE ( 'NONE', *, *, #3035, .F. ) ;
#464 = CARTESIAN_POINT ( 'NONE',  ( 0.0001828170652154459397, -6.598899730413507526E-15, 0.6299999999999985612 ) ) ;
#465 = CIRCLE ( 'NONE', #1655, 0.3450000000000038036 ) ;
#466 = DIRECTION ( 'NONE',  ( 0.000000000000000000, 1.047444401652940007E-14, -1.000000000000000000 ) ) ;
#467 = AXIS2_PLACEMENT_3D ( 'NONE', #2783, #2527, #2799 ) ;
#468 = PLANE ( 'NONE',  #2280 ) ;
#469 = SURFACE_STYLE_FILL_AREA ( #244 ) ;
#470 = CARTESIAN_POINT ( 'NONE',  ( -0.9163323219259846830, -0.3500000000000047518, 0.4499999999999953482 ) ) ;
#471 = VERTEX_POINT ( 'NONE', #539 ) ;
#472 = SURFACE_SIDE_STYLE ('',( #1205 ) ) ;
#473 = EDGE_CURVE ( 'NONE', #577, #449, #1536, .T. ) ;
#474 = ORIENTED_EDGE ( 'NONE', *, *, #1308, .T. ) ;
#475 = FILL_AREA_STYLE ('',( #1485 ) ) ;
#476 =( LENGTH_UNIT ( ) NAMED_UNIT ( * ) SI_UNIT ( .MILLI., .METRE. ) );
#477 = CARTESIAN_POINT ( 'NONE',  ( -0.2998171829347862083, 1.299999999999999822, 1.361677722148821851E-14 ) ) ;
#478 = CARTESIAN_POINT ( 'NONE',  ( -0.2998171829347862083, -1.300000000000003819, 0.3499999999999859890 ) ) ;
#479 = ORIENTED_EDGE ( 'NONE', *, *, #3048, .F. ) ;
#480 = DIRECTION ( 'NONE',  ( 1.000000000000000000, 1.110223024625159992E-16, 1.162896891729818049E-30 ) ) ;
#481 = EDGE_CURVE ( 'NONE', #3001, #1795, #2860, .T. ) ;
#482 = FACE_OUTER_BOUND ( 'NONE', #2214, .T. ) ;
#483 = ORIENTED_EDGE ( 'NONE', *, *, #2450, .F. ) ;
#484 = STYLED_ITEM ( 'NONE', ( #2521 ), #1488 ) ;
#485 = VERTEX_POINT ( 'NONE', #1300 ) ;
#486 = CARTESIAN_POINT ( 'NONE',  ( 0.0001828170652154459397, -8.379555213223505853E-15, 0.7999999999999986011 ) ) ;
#487 = CARTESIAN_POINT ( 'NONE',  ( -1.299817182934787096, -1.300000000000000266, -1.361677722148822166E-14 ) ) ;
#488 = CARTESIAN_POINT ( 'NONE',  ( 0.0001828170652154459397, -4.713499807438219774E-15, 0.4499999999999990119 ) ) ;
#489 = LINE ( 'NONE', #1969, #2568 ) ;
#490 = ADVANCED_FACE ( 'NONE', ( #1816 ), #2752, .T. ) ;
#491 = ORIENTED_EDGE ( 'NONE', *, *, #2298, .T. ) ;
#492 = CARTESIAN_POINT ( 'NONE',  ( -0.2998171829347862083, 1.299999999999999822, 1.361677722148821851E-14 ) ) ;
#493 = EDGE_CURVE ( 'NONE', #672, #3212, #2238, .T. ) ;
#494 = FILL_AREA_STYLE ('',( #2210 ) ) ;
#495 = AXIS2_PLACEMENT_3D ( 'NONE', #2622, #1588, #397 ) ;
#496 = DIRECTION ( 'NONE',  ( -0.000000000000000000, 1.000000000000000000, 1.047444401652940007E-14 ) ) ;
#497 = ORIENTED_EDGE ( 'NONE', *, *, #473, .F. ) ;
#498 = DIRECTION ( 'NONE',  ( 0.000000000000000000, -1.047444401652940007E-14, 1.000000000000000000 ) ) ;
#499 = PRESENTATION_LAYER_ASSIGNMENT (  '', '', ( #3163 ) ) ;
#500 = VERTEX_POINT ( 'NONE', #627 ) ;
#501 = FILL_AREA_STYLE_COLOUR ( '', #1031 ) ;
#502 = DIRECTION ( 'NONE',  ( -1.000000000000000000, 0.000000000000000000, 0.000000000000000000 ) ) ;
#503 = CARTESIAN_POINT ( 'NONE',  ( 0.0001828170652154881965, -0.3450000000000055800, 0.1699999999999964040 ) ) ;
#504 = CIRCLE ( 'NONE', #412, 0.2500000000000000000 ) ;
#505 = STYLED_ITEM ( 'NONE', ( #956 ), #1685 ) ;
#506 = DIRECTION ( 'NONE',  ( -1.000000000000000000, 0.000000000000000000, 0.000000000000000000 ) ) ;
#507 = PRESENTATION_LAYER_ASSIGNMENT (  '', '', ( #2278 ) ) ;
#508 = ORIENTED_EDGE ( 'NONE', *, *, #623, .F. ) ;
#509 = CARTESIAN_POINT ( 'NONE',  ( -4.318768448973789198, -0.9000000000000001332, -9.426999614876461637E-15 ) ) ;
#510 = CARTESIAN_POINT ( 'NONE',  ( 0.0001828170652154459397, 0.000000000000000000, 0.000000000000000000 ) ) ;
#511 = PRESENTATION_LAYER_ASSIGNMENT (  '', '', ( #3056 ) ) ;
#512 = PLANE ( 'NONE',  #120 ) ;
#513 = DIRECTION ( 'NONE',  ( 1.000000000000000000, 0.000000000000000000, 0.000000000000000000 ) ) ;
#514 = STYLED_ITEM ( 'NONE', ( #1445 ), #2359 ) ;
#515 =( NAMED_UNIT ( * ) SI_UNIT ( $, .STERADIAN. ) SOLID_ANGLE_UNIT ( ) );
#516 = ADVANCED_FACE ( 'NONE', ( #2385 ), #2095, .T. ) ;
#517 = SURFACE_SIDE_STYLE ('',( #2074 ) ) ;
#518 = COLOUR_RGB ( '',0.8431372549019607865, 0.8156862745098039102, 0.7529411764705882248 ) ;
#519 = DIRECTION ( 'NONE',  ( 1.000000000000000000, 0.000000000000000000, 0.000000000000000000 ) ) ;
#520 = VERTEX_POINT ( 'NONE', #1850 ) ;
#521 = DIRECTION ( 'NONE',  ( 0.000000000000000000, 1.047444401652940007E-14, -1.000000000000000000 ) ) ;
#522 = PRESENTATION_STYLE_ASSIGNMENT (( #2987 ) ) ;
#523 = CARTESIAN_POINT ( 'NONE',  ( 0.0001828170652154459397, -1.078867733702527860E-14, 1.029999999999999583 ) ) ;
#524 = PRESENTATION_STYLE_ASSIGNMENT (( #543 ) ) ;
#525 = EDGE_LOOP ( 'NONE', ( #2954, #3214, #668, #2475 ) ) ;
#526 = PRESENTATION_STYLE_ASSIGNMENT (( #560 ) ) ;
#527 = SURFACE_SIDE_STYLE ('',( #1760 ) ) ;
#528 = VECTOR ( 'NONE', #647, 1000.000000000000000 ) ;
#529 = DIRECTION ( 'NONE',  ( 0.000000000000000000, 1.047444401652940007E-14, -1.000000000000000000 ) ) ;
#530 =( LENGTH_UNIT ( ) NAMED_UNIT ( * ) SI_UNIT ( .MILLI., .METRE. ) );
#531 = CARTESIAN_POINT ( 'NONE',  ( -0.2498171829347847761, -4.713499807438219774E-15, 0.4499999999999990119 ) ) ;
#532 = EDGE_CURVE ( 'NONE', #1152, #1058, #2590, .T. ) ;
#533 = DIRECTION ( 'NONE',  ( 1.000000000000000000, 0.000000000000000000, 0.000000000000000000 ) ) ;
#534 = AXIS2_PLACEMENT_3D ( 'NONE', #3025, #1319, #2323 ) ;
#535 = SURFACE_STYLE_FILL_AREA ( #745 ) ;
#536 = ORIENTED_EDGE ( 'NONE', *, *, #3131, .T. ) ;
#537 =( NAMED_UNIT ( * ) SI_UNIT ( $, .STERADIAN. ) SOLID_ANGLE_UNIT ( ) );
#538 = COLOUR_RGB ( '',0.8431372549019607865, 0.8156862745098039102, 0.7529411764705882248 ) ;
#539 = CARTESIAN_POINT ( 'NONE',  ( -0.7744138521762894412, -0.3500000000000037526, 0.3499999999999959255 ) ) ;
#540 = DIRECTION ( 'NONE',  ( 0.000000000000000000, 1.047444401652940007E-14, -1.000000000000000000 ) ) ;
#541 = EDGE_CURVE ( 'NONE', #1412, #1355, #2497, .T. ) ;
#542 = CIRCLE ( 'NONE', #2257, 0.9300000000000000488 ) ;
#543 = SURFACE_STYLE_USAGE ( .BOTH. , #784 ) ;
#544 = AXIS2_PLACEMENT_3D ( 'NONE', #657, #1639, #2686 ) ;
#545 = VERTEX_POINT ( 'NONE', #1117 ) ;
#546 = CARTESIAN_POINT ( 'NONE',  ( 0.3001828170652101613, -1.300000000000000266, -1.361677722148822166E-14 ) ) ;
#547 = DIRECTION ( 'NONE',  ( -1.000000000000000000, 0.000000000000000000, 0.000000000000000000 ) ) ;
#548 = AXIS2_PLACEMENT_3D ( 'NONE', #3091, #2131, #1888 ) ;
#549 = PRESENTATION_STYLE_ASSIGNMENT (( #2292 ) ) ;
#550 = SURFACE_STYLE_FILL_AREA ( #1777 ) ;
#551 = LINE ( 'NONE', #1094, #2211 ) ;
#552 = FACE_OUTER_BOUND ( 'NONE', #1534, .T. ) ;
#553 = UNCERTAINTY_MEASURE_WITH_UNIT (LENGTH_MEASURE( 1.000000000000000082E-05 ), #2307, 'distance_accuracy_value', 'NONE');
#554 = ORIENTED_EDGE ( 'NONE', *, *, #213, .T. ) ;
#555 = CARTESIAN_POINT ( 'NONE',  ( 0.4244468857771063752, -0.3500000000000047518, 0.4499999999999953482 ) ) ;
#556 = SURFACE_STYLE_USAGE ( .BOTH. , #817 ) ;
#557 = DIRECTION ( 'NONE',  ( 0.000000000000000000, -1.000000000000000000, -1.047444401652940007E-14 ) ) ;
#558 =( NAMED_UNIT ( * ) PLANE_ANGLE_UNIT ( ) SI_UNIT ( $, .RADIAN. ) );
#559 = ORIENTED_EDGE ( 'NONE', *, *, #777, .T. ) ;
#560 = SURFACE_STYLE_USAGE ( .BOTH. , #2756 ) ;
#561 = SURFACE_STYLE_USAGE ( .BOTH. , #2306 ) ;
#562 = ORIENTED_EDGE ( 'NONE', *, *, #2706, .F. ) ;
#563 = FILL_AREA_STYLE_COLOUR ( '', #2019 ) ;
#564 = MECHANICAL_DESIGN_GEOMETRIC_PRESENTATION_REPRESENTATION (  '', ( #979 ), #1240 ) ;
#565 = EDGE_CURVE ( 'NONE', #3144, #762, #110, .T. ) ;
#566 = PRESENTATION_LAYER_ASSIGNMENT (  '', '', ( #1698 ) ) ;
#567 = SURFACE_SIDE_STYLE ('',( #1000 ) ) ;
#568 =( NAMED_UNIT ( * ) PLANE_ANGLE_UNIT ( ) SI_UNIT ( $, .RADIAN. ) );
#569 = AXIS2_PLACEMENT_3D ( 'NONE', #3160, #3194, #227 ) ;
#570 = DIRECTION ( 'NONE',  ( -1.000000000000000000, 0.000000000000000000, 0.000000000000000000 ) ) ;
#571 = EDGE_LOOP ( 'NONE', ( #268, #2455, #536, #2938 ) ) ;
#572 = CARTESIAN_POINT ( 'NONE',  ( -0.9298171829347847694, -1.309305502066176270E-14, 1.250000000000001110 ) ) ;
#573 =( NAMED_UNIT ( * ) PLANE_ANGLE_UNIT ( ) SI_UNIT ( $, .RADIAN. ) );
#574 = SURFACE_STYLE_FILL_AREA ( #1520 ) ;
#575 = EDGE_CURVE ( 'NONE', #2555, #1728, #1609, .T. ) ;
#576 = SURFACE_SIDE_STYLE ('',( #1101 ) ) ;
#577 = VERTEX_POINT ( 'NONE', #1637 ) ;
#578 =( NAMED_UNIT ( * ) PLANE_ANGLE_UNIT ( ) SI_UNIT ( $, .RADIAN. ) );
#579 = CARTESIAN_POINT ( 'NONE',  ( -0.9998171829347854977, -1.235984393950469807E-14, 1.180000000000000604 ) ) ;
#580 = MECHANICAL_DESIGN_GEOMETRIC_PRESENTATION_REPRESENTATION (  '', ( #917 ), #2243 ) ;
#581 = EDGE_LOOP ( 'NONE', ( #1204, #775, #2603, #644 ) ) ;
#582 = CARTESIAN_POINT ( 'NONE',  ( -2.789817182934785311, 1.549999999999998490, 0.1500000000000170641 ) ) ;
#583 = EDGE_CURVE ( 'NONE', #729, #163, #746, .T. ) ;
#584 = EDGE_CURVE ( 'NONE', #1668, #3058, #1007, .T. ) ;
#585 = CARTESIAN_POINT ( 'NONE',  ( 1.500182817065209839, -0.9000000000000001332, -9.426999614876461637E-15 ) ) ;
#586 = VERTEX_POINT ( 'NONE', #400 ) ;
#587 = FILL_AREA_STYLE ('',( #399 ) ) ;
#588 = CARTESIAN_POINT ( 'NONE',  ( 0.0001828170652154459397, 0.000000000000000000, 0.000000000000000000 ) ) ;
#589 = FILL_AREA_STYLE ('',( #3101 ) ) ;
#590 = UNCERTAINTY_MEASURE_WITH_UNIT (LENGTH_MEASURE( 1.000000000000000082E-05 ), #1024, 'distance_accuracy_value', 'NONE');
#591 = AXIS2_PLACEMENT_3D ( 'NONE', #2139, #3142, #2403 ) ;
#592 = AXIS2_PLACEMENT_3D ( 'NONE', #1797, #17, #1557 ) ;
#593 = ORIENTED_EDGE ( 'NONE', *, *, #3048, .T. ) ;
#594 = SURFACE_STYLE_FILL_AREA ( #903 ) ;
#595 =( LENGTH_UNIT ( ) NAMED_UNIT ( * ) SI_UNIT ( .MILLI., .METRE. ) );
#596 = VECTOR ( 'NONE', #219, 1000.000000000000000 ) ;
#597 = PRESENTATION_STYLE_ASSIGNMENT (( #1141 ) ) ;
#598 = CARTESIAN_POINT ( 'NONE',  ( -0.4240812516466893611, -0.3500000000000047518, 0.4499999999999953482 ) ) ;
#599 = PRESENTATION_STYLE_ASSIGNMENT (( #280 ) ) ;
#600 = EDGE_CURVE ( 'NONE', #520, #2734, #2642, .T. ) ;
#601 = COLOUR_RGB ( '',0.8431372549019607865, 0.8156862745098039102, 0.7529411764705882248 ) ;
#602 = PLANE ( 'NONE',  #697 ) ;
#603 = VECTOR ( 'NONE', #1481, 1000.000000000000000 ) ;
#604 = ORIENTED_EDGE ( 'NONE', *, *, #2316, .F. ) ;
#605 =( NAMED_UNIT ( * ) PLANE_ANGLE_UNIT ( ) SI_UNIT ( $, .RADIAN. ) );
#606 = SURFACE_STYLE_USAGE ( .BOTH. , #901 ) ;
#607 = DIRECTION ( 'NONE',  ( 1.000000000000000000, 0.000000000000000000, 0.000000000000000000 ) ) ;
#608 = MECHANICAL_DESIGN_GEOMETRIC_PRESENTATION_REPRESENTATION (  '', ( #287 ), #2269 ) ;
#609 =( GEOMETRIC_REPRESENTATION_CONTEXT ( 3 ) GLOBAL_UNCERTAINTY_ASSIGNED_CONTEXT ( ( #1783 ) ) GLOBAL_UNIT_ASSIGNED_CONTEXT ( ( #2601, #906, #3173 ) ) REPRESENTATION_CONTEXT ( 'NONE', 'WORKASPACE' ) );
#610 = EDGE_CURVE ( 'NONE', #127, #2023, #2149, .T. ) ;
#611 = ORIENTED_EDGE ( 'NONE', *, *, #1826, .T. ) ;
#612 = DIRECTION ( 'NONE',  ( 0.000000000000000000, 1.047444401652940007E-14, -1.000000000000000000 ) ) ;
#613 =( NAMED_UNIT ( * ) PLANE_ANGLE_UNIT ( ) SI_UNIT ( $, .RADIAN. ) );
#614 = COLOUR_RGB ( '',0.8431372549019607865, 0.8156862745098039102, 0.7529411764705882248 ) ;
#615 = DIRECTION ( 'NONE',  ( 1.000000000000000000, 0.000000000000000000, 0.000000000000000000 ) ) ;
#616 = ORIENTED_EDGE ( 'NONE', *, *, #1872, .T. ) ;
#617 = DIRECTION ( 'NONE',  ( 1.000000000000000000, 0.000000000000000000, 0.000000000000000000 ) ) ;
#618 = SURFACE_STYLE_USAGE ( .BOTH. , #2144 ) ;
#619 = PRESENTATION_LAYER_ASSIGNMENT (  '', '', ( #2011 ) ) ;
#620 = SURFACE_SIDE_STYLE ('',( #911 ) ) ;
#621 = LINE ( 'NONE', #2826, #1244 ) ;
#622 = VECTOR ( 'NONE', #228, 1000.000000000000000 ) ;
#623 = EDGE_CURVE ( 'NONE', #1618, #2785, #1834, .T. ) ;
#624 = VECTOR ( 'NONE', #1952, 1000.000000000000000 ) ;
#625 = MECHANICAL_DESIGN_GEOMETRIC_PRESENTATION_REPRESENTATION (  '', ( #2541 ), #3057 ) ;
#626 = ORIENTED_EDGE ( 'NONE', *, *, #1328, .T. ) ;
#627 = CARTESIAN_POINT ( 'NONE',  ( -0.2998171829347862083, -1.300000000000002265, 0.1999999999999851896 ) ) ;
#628 = PLANE ( 'NONE',  #1004 ) ;
#629 = PRESENTATION_LAYER_ASSIGNMENT (  '', '', ( #2178 ) ) ;
#630 = CARTESIAN_POINT ( 'NONE',  ( -0.1248171829347846651, -1.309305502066176270E-14, 1.250000000000001110 ) ) ;
#631 = VERTEX_POINT ( 'NONE', #2573 ) ;
#632 = DIRECTION ( 'NONE',  ( 0.000000000000000000, 1.047444401652940007E-14, -1.000000000000000000 ) ) ;
#633 = CYLINDRICAL_SURFACE ( 'NONE', #1581, 0.8499999999999999778 ) ;
#634 = PLANE ( 'NONE',  #2899 ) ;
#635 = ORIENTED_EDGE ( 'NONE', *, *, #960, .F. ) ;
#636 = LINE ( 'NONE', #2889, #865 ) ;
#637 =( NAMED_UNIT ( * ) PLANE_ANGLE_UNIT ( ) SI_UNIT ( $, .RADIAN. ) );
#638 = SURFACE_STYLE_FILL_AREA ( #1145 ) ;
#639 = ADVANCED_FACE ( 'NONE', ( #1331 ), #1267, .F. ) ;
#640 = EDGE_LOOP ( 'NONE', ( #2693, #2304, #234, #2641 ) ) ;
#641 =( LENGTH_UNIT ( ) NAMED_UNIT ( * ) SI_UNIT ( .MILLI., .METRE. ) );
#642 = DIRECTION ( 'NONE',  ( 1.000000000000000000, 1.110223024625159992E-16, 1.162896891729818049E-30 ) ) ;
#643 = DIRECTION ( 'NONE',  ( 0.000000000000000000, 1.047444401652940007E-14, -1.000000000000000000 ) ) ;
#644 = ORIENTED_EDGE ( 'NONE', *, *, #2353, .T. ) ;
#645 = CARTESIAN_POINT ( 'NONE',  ( 0.0001828170652154459397, -6.598899730413507526E-15, 0.6299999999999985612 ) ) ;
#646 = AXIS2_PLACEMENT_3D ( 'NONE', #523, #2528, #3020 ) ;
#647 = DIRECTION ( 'NONE',  ( 0.000000000000000000, 1.000000000000000000, 1.047444401652940007E-14 ) ) ;
#648 = SURFACE_SIDE_STYLE ('',( #389 ) ) ;
#649 = EDGE_LOOP ( 'NONE', ( #1622, #1464, #2290, #1395 ) ) ;
#650 = DIRECTION ( 'NONE',  ( -1.000000000000000000, 0.000000000000000000, 0.000000000000000000 ) ) ;
#651 = CARTESIAN_POINT ( 'NONE',  ( 0.2501828170652156680, -7.332110811570572157E-15, 0.6999999999999992895 ) ) ;
#652 = COLOUR_RGB ( '',0.8509803921568627194, 0.8509803921568627194, 0.8509803921568627194 ) ;
#653 = DIRECTION ( 'NONE',  ( 0.000000000000000000, 1.000000000000000000, 1.047444401652940007E-14 ) ) ;
#654 = VERTEX_POINT ( 'NONE', #3166 ) ;
#655 = DIRECTION ( 'NONE',  ( 0.000000000000000000, -1.047444401652940007E-14, 1.000000000000000000 ) ) ;
#656 = UNCERTAINTY_MEASURE_WITH_UNIT (LENGTH_MEASURE( 1.000000000000000082E-05 ), #2817, 'distance_accuracy_value', 'NONE');
#657 = CARTESIAN_POINT ( 'NONE',  ( 0.0001828170652154459397, 0.000000000000000000, 0.000000000000000000 ) ) ;
#658 = ORIENTED_EDGE ( 'NONE', *, *, #2463, .T. ) ;
#659 =( LENGTH_UNIT ( ) NAMED_UNIT ( * ) SI_UNIT ( .MILLI., .METRE. ) );
#660 = CARTESIAN_POINT ( 'NONE',  ( -0.2998171829347862083, -1.550000000000003819, 0.3499999999999834355 ) ) ;
#661 = DIRECTION ( 'NONE',  ( 0.000000000000000000, -1.000000000000000000, -1.047444401652940007E-14 ) ) ;
#662 = ORIENTED_EDGE ( 'NONE', *, *, #166, .T. ) ;
#663 = CARTESIAN_POINT ( 'NONE',  ( -0.4240812516466893611, 0.3499999999999961475, 0.3500000000000033085 ) ) ;
#664 = PRESENTATION_STYLE_ASSIGNMENT (( #618 ) ) ;
#665 = FILL_AREA_STYLE ('',( #2605 ) ) ;
#666 = PRESENTATION_STYLE_ASSIGNMENT (( #395 ) ) ;
#667 = AXIS2_PLACEMENT_3D ( 'NONE', #1971, #1465, #2709 ) ;
#668 = ORIENTED_EDGE ( 'NONE', *, *, #1270, .T. ) ;
#669 =( NAMED_UNIT ( * ) PLANE_ANGLE_UNIT ( ) SI_UNIT ( $, .RADIAN. ) );
#670 = PRESENTATION_LAYER_ASSIGNMENT (  '', '', ( #505 ) ) ;
#671 = VECTOR ( 'NONE', #453, 1000.000000000000000 ) ;
#672 = VERTEX_POINT ( 'NONE', #1684 ) ;
#673 = EDGE_CURVE ( 'NONE', #866, #577, #928, .T. ) ;
#674 = AXIS2_PLACEMENT_3D ( 'NONE', #2253, #2976, #755 ) ;
#675 = FILL_AREA_STYLE ('',( #737 ) ) ;
#676 = AXIS2_PLACEMENT_3D ( 'NONE', #464, #1954, #3176 ) ;
#677 = VERTEX_POINT ( 'NONE', #730 ) ;
#678 = CARTESIAN_POINT ( 'NONE',  ( 1.000182817065209395, 0.000000000000000000, 0.000000000000000000 ) ) ;
#679 = VECTOR ( 'NONE', #655, 1000.000000000000000 ) ;
#680 = PLANE ( 'NONE',  #2390 ) ;
#681 = DIRECTION ( 'NONE',  ( 1.734723475976806463E-14, 1.000000000000000000, 1.047444401652940007E-14 ) ) ;
#682 = EDGE_CURVE ( 'NONE', #1198, #2337, #232, .T. ) ;
#683 = UNCERTAINTY_MEASURE_WITH_UNIT (LENGTH_MEASURE( 1.000000000000000082E-05 ), #1704, 'distance_accuracy_value', 'NONE');
#684 = ADVANCED_FACE ( 'NONE', ( #428 ), #1417, .T. ) ;
#685 = ORIENTED_EDGE ( 'NONE', *, *, #1218, .F. ) ;
#686 =( NAMED_UNIT ( * ) PLANE_ANGLE_UNIT ( ) SI_UNIT ( $, .RADIAN. ) );
#687 = ORIENTED_EDGE ( 'NONE', *, *, #2780, .F. ) ;
#688 = SURFACE_STYLE_FILL_AREA ( #186 ) ;
#689 = SURFACE_SIDE_STYLE ('',( #2915 ) ) ;
#690 = PRESENTATION_STYLE_ASSIGNMENT (( #3205 ) ) ;
#691 = LINE ( 'NONE', #738, #1737 ) ;
#692 = FACE_OUTER_BOUND ( 'NONE', #902, .T. ) ;
#693 = ORIENTED_EDGE ( 'NONE', *, *, #296, .T. ) ;
#694 = SURFACE_STYLE_USAGE ( .BOTH. , #1442 ) ;
#695 = PRESENTATION_STYLE_ASSIGNMENT (( #2191 ) ) ;
#696 = SURFACE_SIDE_STYLE ('',( #469 ) ) ;
#697 = AXIS2_PLACEMENT_3D ( 'NONE', #3147, #2620, #1364 ) ;
#698 = MECHANICAL_DESIGN_GEOMETRIC_PRESENTATION_REPRESENTATION (  '', ( #1833 ), #2419 ) ;
#699 = ORIENTED_EDGE ( 'NONE', *, *, #2264, .F. ) ;
#700 = LINE ( 'NONE', #2180, #192 ) ;
#701 = STYLED_ITEM ( 'NONE', ( #2606 ), #2251 ) ;
#702 = ORIENTED_EDGE ( 'NONE', *, *, #2148, .T. ) ;
#703 = SURFACE_STYLE_USAGE ( .BOTH. , #1458 ) ;
#704 = CARTESIAN_POINT ( 'NONE',  ( 0.0001828170652154459397, -8.379555213223505853E-15, 0.7999999999999986011 ) ) ;
#705 = FACE_OUTER_BOUND ( 'NONE', #457, .T. ) ;
#706 = CARTESIAN_POINT ( 'NONE',  ( 0.4244468857771063752, -0.3500000000000037526, 0.3499999999999959255 ) ) ;
#707 =( NAMED_UNIT ( * ) PLANE_ANGLE_UNIT ( ) SI_UNIT ( $, .RADIAN. ) );
#708 = TOROIDAL_SURFACE ( 'NONE', #2529, 0.3450000000000038036, 0.1700000000000000122 ) ;
#709 = ORIENTED_EDGE ( 'NONE', *, *, #2132, .T. ) ;
#710 = DIRECTION ( 'NONE',  ( 0.000000000000000000, 1.047444401652940007E-14, -1.000000000000000000 ) ) ;
#711 =( LENGTH_UNIT ( ) NAMED_UNIT ( * ) SI_UNIT ( .MILLI., .METRE. ) );
#712 = VERTEX_POINT ( 'NONE', #7 ) ;
#713 = DIRECTION ( 'NONE',  ( 1.000000000000000000, 0.000000000000000000, 0.000000000000000000 ) ) ;
#714 = ORIENTED_EDGE ( 'NONE', *, *, #2700, .F. ) ;
#715 = SURFACE_STYLE_FILL_AREA ( #1419 ) ;
#716 = COLOUR_RGB ( '',0.8509803921568627194, 0.8509803921568627194, 0.8509803921568627194 ) ;
#717 = SURFACE_STYLE_USAGE ( .BOTH. , #689 ) ;
#718 = EDGE_CURVE ( 'NONE', #2114, #2434, #991, .T. ) ;
#719 = VECTOR ( 'NONE', #308, 1000.000000000000000 ) ;
#720 = VECTOR ( 'NONE', #2482, 1000.000000000000000 ) ;
#721 = DIRECTION ( 'NONE',  ( 0.000000000000000000, -1.047444401652940007E-14, 1.000000000000000000 ) ) ;
#722 = CARTESIAN_POINT ( 'NONE',  ( 1.500182817065209839, 0.9000000000000000222, 9.426999614876460059E-15 ) ) ;
#723 = VERTEX_POINT ( 'NONE', #1934 ) ;
#724 = DIRECTION ( 'NONE',  ( 0.000000000000000000, -1.000000000000000000, -1.047444401652940007E-14 ) ) ;
#725 =( GEOMETRIC_REPRESENTATION_CONTEXT ( 3 ) GLOBAL_UNCERTAINTY_ASSIGNED_CONTEXT ( ( #3061 ) ) GLOBAL_UNIT_ASSIGNED_CONTEXT ( ( #1692, #2190, #2205 ) ) REPRESENTATION_CONTEXT ( 'NONE', 'WORKASPACE' ) );
#726 = DIRECTION ( 'NONE',  ( 1.000000000000000000, 0.000000000000000000, 0.000000000000000000 ) ) ;
#727 = EDGE_CURVE ( 'NONE', #723, #712, #700, .T. ) ;
#728 = EDGE_CURVE ( 'NONE', #500, #838, #2688, .T. ) ;
#729 = VERTEX_POINT ( 'NONE', #2728 ) ;
#730 = CARTESIAN_POINT ( 'NONE',  ( 0.7747794863067134497, -0.3500000000000047518, 0.4499999999999953482 ) ) ;
#731 = ADVANCED_FACE ( 'NONE', ( #70 ), #1310, .T. ) ;
#732 = PRESENTATION_LAYER_ASSIGNMENT (  '', '', ( #15 ) ) ;
#733 = VERTEX_POINT ( 'NONE', #1275 ) ;
#734 = DIRECTION ( 'NONE',  ( 0.000000000000000000, -1.000000000000000000, -1.047444401652940007E-14 ) ) ;
#735 = EDGE_CURVE ( 'NONE', #3212, #672, #868, .T. ) ;
#736 = CARTESIAN_POINT ( 'NONE',  ( -0.2998171829347862083, -1.550000000000000266, -1.623538822562057326E-14 ) ) ;
#737 = FILL_AREA_STYLE_COLOUR ( '', #332 ) ;
#738 = CARTESIAN_POINT ( 'NONE',  ( -4.318768448973789198, -1.300000000000003819, 0.3499999999999859890 ) ) ;
#739 = ORIENTED_EDGE ( 'NONE', *, *, #919, .T. ) ;
#740 = PRESENTATION_STYLE_ASSIGNMENT (( #2457 ) ) ;
#741 = CARTESIAN_POINT ( 'NONE',  ( 0.3001828170652101613, -1.550000000000002265, 0.1999999999999825528 ) ) ;
#742 = DIRECTION ( 'NONE',  ( 0.0004062601113067548591, 1.047444315214012608E-14, -0.9999999174763575249 ) ) ;
#743 =( NAMED_UNIT ( * ) PLANE_ANGLE_UNIT ( ) SI_UNIT ( $, .RADIAN. ) );
#744 = CARTESIAN_POINT ( 'NONE',  ( -1.299817182934787096, -0.9000000000000001332, -9.426999614876461637E-15 ) ) ;
#745 = FILL_AREA_STYLE ('',( #2763 ) ) ;
#746 = CIRCLE ( 'NONE', #2421, 0.9999999999999908962 ) ;
#747 = EDGE_LOOP ( 'NONE', ( #2959, #3220, #2105, #386 ) ) ;
#748 = LINE ( 'NONE', #1729, #1281 ) ;
#749 = AXIS2_PLACEMENT_3D ( 'NONE', #12, #1772, #254 ) ;
#750 = FACE_OUTER_BOUND ( 'NONE', #899, .T. ) ;
#751 = FILL_AREA_STYLE ('',( #319 ) ) ;
#752 =( GEOMETRIC_REPRESENTATION_CONTEXT ( 3 ) GLOBAL_UNCERTAINTY_ASSIGNED_CONTEXT ( ( #1620 ) ) GLOBAL_UNIT_ASSIGNED_CONTEXT ( ( #904, #1598, #2102 ) ) REPRESENTATION_CONTEXT ( 'NONE', 'WORKASPACE' ) );
#753 = CARTESIAN_POINT ( 'NONE',  ( -1.299817182934787096, 1.299999999999999822, 1.361677722148821851E-14 ) ) ;
#754 = EDGE_LOOP ( 'NONE', ( #2246, #2623, #1215, #1239 ) ) ;
#755 = DIRECTION ( 'NONE',  ( -1.000000000000000000, 0.000000000000000000, 0.000000000000000000 ) ) ;
#756 = CIRCLE ( 'NONE', #1178, 0.1750000000000037637 ) ;
#757 = DIRECTION ( 'NONE',  ( 0.000000000000000000, 1.047444401652940007E-14, -1.000000000000000000 ) ) ;
#758 = EDGE_CURVE ( 'NONE', #1330, #1254, #1041, .T. ) ;
#759 = SURFACE_STYLE_FILL_AREA ( #3015 ) ;
#760 = MECHANICAL_DESIGN_GEOMETRIC_PRESENTATION_REPRESENTATION (  '', ( #861 ), #193 ) ;
#761 = DIRECTION ( 'NONE',  ( 0.000000000000000000, -1.047444401652940007E-14, 1.000000000000000000 ) ) ;
#762 = VERTEX_POINT ( 'NONE', #2296 ) ;
#763 = CARTESIAN_POINT ( 'NONE',  ( 0.0001828170652154459397, -1.309305502066176270E-14, 1.250000000000001110 ) ) ;
#764 = ORIENTED_EDGE ( 'NONE', *, *, #2562, .F. ) ;
#765 = FILL_AREA_STYLE_COLOUR ( '', #2122 ) ;
#766 = SURFACE_SIDE_STYLE ('',( #1732 ) ) ;
#767 = COLOUR_RGB ( '',0.9686274509803921573, 0.8784313725490195957, 0.5999999999999999778 ) ;
#768 = ADVANCED_FACE ( 'NONE', ( #552 ), #1025, .T. ) ;
#769 = FILL_AREA_STYLE_COLOUR ( '', #1678 ) ;
#770 = EDGE_LOOP ( 'NONE', ( #2715, #2672, #1083, #1068 ) ) ;
#771 = DIRECTION ( 'NONE',  ( 0.000000000000000000, 1.047444401652940007E-14, -1.000000000000000000 ) ) ;
#772 = CARTESIAN_POINT ( 'NONE',  ( -4.318768448973789198, -0.4330127018922231286, -4.535567304416225724E-15 ) ) ;
#773 = PRESENTATION_LAYER_ASSIGNMENT (  '', '', ( #2742 ) ) ;
#774 = CARTESIAN_POINT ( 'NONE',  ( 0.0001828170652154459397, -8.379555213223505853E-15, 0.7999999999999986011 ) ) ;
#775 = ORIENTED_EDGE ( 'NONE', *, *, #146, .T. ) ;
#776 = FACE_OUTER_BOUND ( 'NONE', #2361, .T. ) ;
#777 = EDGE_CURVE ( 'NONE', #1669, #838, #1515, .T. ) ;
#778 = SURFACE_STYLE_FILL_AREA ( #2077 ) ;
#779 = ORIENTED_EDGE ( 'NONE', *, *, #727, .T. ) ;
#780 = SURFACE_SIDE_STYLE ('',( #535 ) ) ;
#781 = ORIENTED_EDGE ( 'NONE', *, *, #758, .F. ) ;
#782 =( NAMED_UNIT ( * ) PLANE_ANGLE_UNIT ( ) SI_UNIT ( $, .RADIAN. ) );
#783 = PRESENTATION_STYLE_ASSIGNMENT (( #2731 ) ) ;
#784 = SURFACE_SIDE_STYLE ('',( #2022 ) ) ;
#785 = ORIENTED_EDGE ( 'NONE', *, *, #819, .T. ) ;
#786 = DIRECTION ( 'NONE',  ( 0.000000000000000000, -1.047444401652940007E-14, 1.000000000000000000 ) ) ;
#787 = FILL_AREA_STYLE_COLOUR ( '', #1611 ) ;
#788 = FACE_OUTER_BOUND ( 'NONE', #770, .T. ) ;
#789 = CARTESIAN_POINT ( 'NONE',  ( 1.300182817065210994, 1.299999999999999822, 1.361677722148821851E-14 ) ) ;
#790 =( NAMED_UNIT ( * ) PLANE_ANGLE_UNIT ( ) SI_UNIT ( $, .RADIAN. ) );
#791 = SURFACE_STYLE_USAGE ( .BOTH. , #1766 ) ;
#792 =( LENGTH_UNIT ( ) NAMED_UNIT ( * ) SI_UNIT ( .MILLI., .METRE. ) );
#793 = APPLICATION_CONTEXT ( 'automotive_design' ) ;
#794 = STYLED_ITEM ( 'NONE', ( #1689 ), #1302 ) ;
#795 = VERTEX_POINT ( 'NONE', #3003 ) ;
#796 = PRESENTATION_STYLE_ASSIGNMENT (( #283 ) ) ;
#797 = DIRECTION ( 'NONE',  ( -0.000000000000000000, -1.047444401652940007E-14, 1.000000000000000000 ) ) ;
#798 = DIRECTION ( 'NONE',  ( -1.000000000000000000, 0.000000000000000000, 0.000000000000000000 ) ) ;
#799 = COLOUR_RGB ( '',0.8509803921568627194, 0.8509803921568627194, 0.8509803921568627194 ) ;
#800 =( LENGTH_UNIT ( ) NAMED_UNIT ( * ) SI_UNIT ( .MILLI., .METRE. ) );
#801 = COLOUR_RGB ( '',0.8431372549019607865, 0.8156862745098039102, 0.7529411764705882248 ) ;
#802 = ORIENTED_EDGE ( 'NONE', *, *, #2332, .F. ) ;
#803 = DIRECTION ( 'NONE',  ( 1.000000000000000000, 0.000000000000000000, 0.000000000000000000 ) ) ;
#804 = CARTESIAN_POINT ( 'NONE',  ( 1.000182817065209395, 0.4330127018922231286, 4.535567304416225724E-15 ) ) ;
#805 =( GEOMETRIC_REPRESENTATION_CONTEXT ( 3 ) GLOBAL_UNCERTAINTY_ASSIGNED_CONTEXT ( ( #1081 ) ) GLOBAL_UNIT_ASSIGNED_CONTEXT ( ( #1812, #2382, #1899 ) ) REPRESENTATION_CONTEXT ( 'NONE', 'WORKASPACE' ) );
#806 = FILL_AREA_STYLE ('',( #1524 ) ) ;
#807 = FACE_OUTER_BOUND ( 'NONE', #2893, .T. ) ;
#808 = EDGE_LOOP ( 'NONE', ( #2321, #662, #2119, #2656, #1717, #2914, #2708, #693, #1984, #1682 ) ) ;
#809 = DIRECTION ( 'NONE',  ( 0.000000000000000000, 1.047444401652940007E-14, -1.000000000000000000 ) ) ;
#810 = VECTOR ( 'NONE', #95, 1000.000000000000000 ) ;
#811 = CARTESIAN_POINT ( 'NONE',  ( -0.9298171829347847694, -5.760944209091153470E-15, 0.5499999999999983791 ) ) ;
#812 = FILL_AREA_STYLE_COLOUR ( '', #1381 ) ;
#813 = AXIS2_PLACEMENT_3D ( 'NONE', #1113, #1607, #2112 ) ;
#814 = CARTESIAN_POINT ( 'NONE',  ( 1.000182817065209395, -0.9000000000000001332, -9.426999614876461637E-15 ) ) ;
#815 = UNCERTAINTY_MEASURE_WITH_UNIT (LENGTH_MEASURE( 1.000000000000000082E-05 ), #792, 'distance_accuracy_value', 'NONE');
#816 = ORIENTED_EDGE ( 'NONE', *, *, #1778, .F. ) ;
#817 = SURFACE_SIDE_STYLE ('',( #2301 ) ) ;
#818 =( NAMED_UNIT ( * ) SI_UNIT ( $, .STERADIAN. ) SOLID_ANGLE_UNIT ( ) );
#819 = EDGE_CURVE ( 'NONE', #3155, #1258, #1768, .T. ) ;
#820 = VERTEX_POINT ( 'NONE', #814 ) ;
#821 = CARTESIAN_POINT ( 'NONE',  ( -0.9998171829347854977, 0.9999999999999997780, 1.047444401652939691E-14 ) ) ;
#822 = FACE_BOUND ( 'NONE', #2770, .T. ) ;
#823 = CARTESIAN_POINT ( 'NONE',  ( 1.000182817065209395, -0.2009885622606450983, -2.105243443361860554E-15 ) ) ;
#824 = MECHANICAL_DESIGN_GEOMETRIC_PRESENTATION_REPRESENTATION (  '', ( #2229 ), #158 ) ;
#825 = AXIS2_PLACEMENT_3D ( 'NONE', #2276, #809, #2039 ) ;
#826 = DIRECTION ( 'NONE',  ( 0.000000000000000000, -1.047444401652940007E-14, 1.000000000000000000 ) ) ;
#827 = PRESENTATION_STYLE_ASSIGNMENT (( #791 ) ) ;
#828 = MECHANICAL_DESIGN_GEOMETRIC_PRESENTATION_REPRESENTATION (  '', ( #1087 ), #2850 ) ;
#829 = CIRCLE ( 'NONE', #1248, 0.005000000000003753178 ) ;
#830 = SURFACE_SIDE_STYLE ('',( #363 ) ) ;
#831 = EDGE_CURVE ( 'NONE', #1711, #1500, #1799, .T. ) ;
#832 = STYLED_ITEM ( 'NONE', ( #382 ), #516 ) ;
#833 = ORIENTED_EDGE ( 'NONE', *, *, #1213, .T. ) ;
#834 =( NAMED_UNIT ( * ) SI_UNIT ( $, .STERADIAN. ) SOLID_ANGLE_UNIT ( ) );
#835 = LINE ( 'NONE', #847, #1677 ) ;
#836 = EDGE_CURVE ( 'NONE', #1451, #723, #1365, .T. ) ;
#837 = EDGE_CURVE ( 'NONE', #545, #471, #2864, .T. ) ;
#838 = VERTEX_POINT ( 'NONE', #3095 ) ;
#839 = LINE ( 'NONE', #1565, #200 ) ;
#840 = FACE_OUTER_BOUND ( 'NONE', #1271, .T. ) ;
#841 = CARTESIAN_POINT ( 'NONE',  ( -0.9998171829347854977, 1.299999999999996048, 0.3500000000000132450 ) ) ;
#842 = DIRECTION ( 'NONE',  ( -1.000000000000000000, 0.000000000000000000, 0.000000000000000000 ) ) ;
#843 = FILL_AREA_STYLE_COLOUR ( '', #2633 ) ;
#844 = ORIENTED_EDGE ( 'NONE', *, *, #1005, .T. ) ;
#845 = FILL_AREA_STYLE_COLOUR ( '', #1695 ) ;
#846 =( NAMED_UNIT ( * ) SI_UNIT ( $, .STERADIAN. ) SOLID_ANGLE_UNIT ( ) );
#847 = CARTESIAN_POINT ( 'NONE',  ( 1.300182817065210994, -0.2009885622606466526, 0.1499999999999987177 ) ) ;
#848 = UNCERTAINTY_MEASURE_WITH_UNIT (LENGTH_MEASURE( 1.000000000000000082E-05 ), #2712, 'distance_accuracy_value', 'NONE');
#849 = PRESENTATION_LAYER_ASSIGNMENT (  '', '', ( #1219 ) ) ;
#850 =( NAMED_UNIT ( * ) SI_UNIT ( $, .STERADIAN. ) SOLID_ANGLE_UNIT ( ) );
#851 = EDGE_LOOP ( 'NONE', ( #1903, #2265 ) ) ;
#852 = SURFACE_STYLE_FILL_AREA ( #1615 ) ;
#853 = PRESENTATION_LAYER_ASSIGNMENT (  '', '', ( #1532 ) ) ;
#854 = STYLED_ITEM ( 'NONE', ( #3063 ), #2111 ) ;
#855 =( GEOMETRIC_REPRESENTATION_CONTEXT ( 3 ) GLOBAL_UNCERTAINTY_ASSIGNED_CONTEXT ( ( #2640 ) ) GLOBAL_UNIT_ASSIGNED_CONTEXT ( ( #3213, #669, #2162 ) ) REPRESENTATION_CONTEXT ( 'NONE', 'WORKASPACE' ) );
#856 = DIRECTION ( 'NONE',  ( 1.000000000000000000, 0.000000000000000000, 0.000000000000000000 ) ) ;
#857 = VERTEX_POINT ( 'NONE', #3132 ) ;
#858 = DIRECTION ( 'NONE',  ( -1.000000000000000000, 0.000000000000000000, 0.000000000000000000 ) ) ;
#859 = CARTESIAN_POINT ( 'NONE',  ( 0.0001828170652154459397, -3.666055405785286079E-15, 0.3499999999999996447 ) ) ;
#860 = VECTOR ( 'NONE', #1055, 1000.000000000000000 ) ;
#861 = STYLED_ITEM ( 'NONE', ( #3124 ), #1207 ) ;
#862 =( NAMED_UNIT ( * ) SI_UNIT ( $, .STERADIAN. ) SOLID_ANGLE_UNIT ( ) );
#863 = EDGE_CURVE ( 'NONE', #1185, #1970, #378, .T. ) ;
#864 = DIRECTION ( 'NONE',  ( -0.7071067811865474617, 7.237723247151766232E-15, -0.7071067811865474617 ) ) ;
#865 = VECTOR ( 'NONE', #877, 1000.000000000000000 ) ;
#866 = VERTEX_POINT ( 'NONE', #2848 ) ;
#867 = APPLICATION_PROTOCOL_DEFINITION ( 'draft international standard', 'automotive_design', 1998, #74 ) ;
#868 = CIRCLE ( 'NONE', #297, 0.9300000000000000488 ) ;
#869 = COLOUR_RGB ( '',0.8509803921568627194, 0.8509803921568627194, 0.8509803921568627194 ) ;
#870 = ORIENTED_EDGE ( 'NONE', *, *, #3131, .F. ) ;
#871 = ADVANCED_BREP_SHAPE_REPRESENTATION ( 'U.FL-R-SMT-1', ( #3064, #1147 ), #1284 ) ;
#872 = ADVANCED_FACE ( 'NONE', ( #1870 ), #2890, .T. ) ;
#873 = SURFACE_STYLE_FILL_AREA ( #2631 ) ;
#874 =( NAMED_UNIT ( * ) SI_UNIT ( $, .STERADIAN. ) SOLID_ANGLE_UNIT ( ) );
#875 = ORIENTED_EDGE ( 'NONE', *, *, #777, .F. ) ;
#876 = DIRECTION ( 'NONE',  ( 0.000000000000000000, -1.000000000000000000, -1.047444401652940007E-14 ) ) ;
#877 = DIRECTION ( 'NONE',  ( -1.000000000000000000, 0.000000000000000000, 0.000000000000000000 ) ) ;
#878 = FACE_OUTER_BOUND ( 'NONE', #1559, .T. ) ;
#879 = FILL_AREA_STYLE_COLOUR ( '', #2047 ) ;
#880 = VECTOR ( 'NONE', #1793, 1000.000000000000000 ) ;
#881 = PRESENTATION_LAYER_ASSIGNMENT (  '', '', ( #2125 ) ) ;
#882 = CARTESIAN_POINT ( 'NONE',  ( -0.7744138521762894412, -0.3500000000000000333, -3.666055405785290812E-15 ) ) ;
#883 = AXIS2_PLACEMENT_3D ( 'NONE', #2226, #216, #1202 ) ;
#884 = STYLED_ITEM ( 'NONE', ( #1490 ), #2008 ) ;
#885 = UNCERTAINTY_MEASURE_WITH_UNIT (LENGTH_MEASURE( 1.000000000000000082E-05 ), #368, 'distance_accuracy_value', 'NONE');
#886 = EDGE_CURVE ( 'NONE', #27, #485, #1901, .T. ) ;
#887 = MECHANICAL_DESIGN_GEOMETRIC_PRESENTATION_REPRESENTATION (  '', ( #2072 ), #725 ) ;
#888 = ORIENTED_EDGE ( 'NONE', *, *, #384, .T. ) ;
#889 = CARTESIAN_POINT ( 'NONE',  ( 0.0001828170652154459397, -4.713499807438219774E-15, 0.4499999999999990119 ) ) ;
#890 = FILL_AREA_STYLE ('',( #1592 ) ) ;
#891 = AXIS2_PLACEMENT_3D ( 'NONE', #1027, #1519, #1560 ) ;
#892 = VERTEX_POINT ( 'NONE', #2133 ) ;
#893 = DIRECTION ( 'NONE',  ( 0.000000000000000000, 1.047444401652940007E-14, -1.000000000000000000 ) ) ;
#894 = CARTESIAN_POINT ( 'NONE',  ( -1.049817182934786874, 0.8999999999999984679, 0.1500000000000102640 ) ) ;
#895 = VERTEX_POINT ( 'NONE', #1384 ) ;
#896 = DIRECTION ( 'NONE',  ( 0.000000000000000000, 1.047444401652940007E-14, -1.000000000000000000 ) ) ;
#897 = AXIS2_PLACEMENT_3D ( 'NONE', #355, #1375, #388 ) ;
#898 = SURFACE_STYLE_USAGE ( .BOTH. , #393 ) ;
#899 = EDGE_LOOP ( 'NONE', ( #185, #2231, #1979, #1509 ) ) ;
#900 = ADVANCED_FACE ( 'NONE', ( #1148 ), #2058, .T. ) ;
#901 = SURFACE_SIDE_STYLE ('',( #123 ) ) ;
#902 = EDGE_LOOP ( 'NONE', ( #962, #833, #2664, #2816, #159, #133, #2851, #1996 ) ) ;
#903 = FILL_AREA_STYLE ('',( #2869 ) ) ;
#904 =( LENGTH_UNIT ( ) NAMED_UNIT ( * ) SI_UNIT ( .MILLI., .METRE. ) );
#905 =( GEOMETRIC_REPRESENTATION_CONTEXT ( 3 ) GLOBAL_UNCERTAINTY_ASSIGNED_CONTEXT ( ( #1366 ) ) GLOBAL_UNIT_ASSIGNED_CONTEXT ( ( #1461, #1966, #1420 ) ) REPRESENTATION_CONTEXT ( 'NONE', 'WORKASPACE' ) );
#906 =( NAMED_UNIT ( * ) PLANE_ANGLE_UNIT ( ) SI_UNIT ( $, .RADIAN. ) );
#907 = SURFACE_STYLE_USAGE ( .BOTH. , #2438 ) ;
#908 = ORIENTED_EDGE ( 'NONE', *, *, #2228, .T. ) ;
#909 = DIRECTION ( 'NONE',  ( 0.000000000000000000, 1.000000000000000000, 1.047444401652940007E-14 ) ) ;
#910 = AXIS2_PLACEMENT_3D ( 'NONE', #1992, #1745, #1811 ) ;
#911 = SURFACE_STYLE_FILL_AREA ( #665 ) ;
#912 = CARTESIAN_POINT ( 'NONE',  ( 0.0001828170652154459397, -6.284666409917638462E-15, 0.5999999999999998668 ) ) ;
#913 = ORIENTED_EDGE ( 'NONE', *, *, #358, .T. ) ;
#914 = DIRECTION ( 'NONE',  ( 0.000000000000000000, -1.000000000000000000, -1.047444401652940007E-14 ) ) ;
#915 = AXIS2_PLACEMENT_3D ( 'NONE', #1885, #896, #2863 ) ;
#916 = ORIENTED_EDGE ( 'NONE', *, *, #2811, .F. ) ;
#917 = STYLED_ITEM ( 'NONE', ( #2812 ), #900 ) ;
#918 = FILL_AREA_STYLE_COLOUR ( '', #2040 ) ;
#919 = EDGE_CURVE ( 'NONE', #2400, #1322, #1562, .T. ) ;
#920 = CARTESIAN_POINT ( 'NONE',  ( -0.9012050018007700114, -0.4330127018922231286, -4.535567304416225724E-15 ) ) ;
#921 = ORIENTED_EDGE ( 'NONE', *, *, #2399, .F. ) ;
#922 = FILL_AREA_STYLE_COLOUR ( '', #767 ) ;
#923 =( NAMED_UNIT ( * ) SI_UNIT ( $, .STERADIAN. ) SOLID_ANGLE_UNIT ( ) );
#924 = COLOUR_RGB ( '',0.8509803921568627194, 0.8509803921568627194, 0.8509803921568627194 ) ;
#925 = PRESENTATION_LAYER_ASSIGNMENT (  '', '', ( #2740 ) ) ;
#926 = AXIS2_PLACEMENT_3D ( 'NONE', #1166, #948, #1936 ) ;
#927 = ORIENTED_EDGE ( 'NONE', *, *, #2228, .F. ) ;
#928 = LINE ( 'NONE', #976, #596 ) ;
#929 = COLOUR_RGB ( '',0.8431372549019607865, 0.8156862745098039102, 0.7529411764705882248 ) ;
#930 = VECTOR ( 'NONE', #1949, 1000.000000000000000 ) ;
#931 = EDGE_LOOP ( 'NONE', ( #3109, #247, #271, #1551, #1345, #38, #2913, #2204, #1503, #249, #1474, #802, #429, #978, #1471, #611, #2235, #443, #938, #1800, #1574, #1158, #1596, #2078, #145, #182, #1179, #3077, #1386, #3044, #104, #1238 ) ) ;
#932 =( LENGTH_UNIT ( ) NAMED_UNIT ( * ) SI_UNIT ( .MILLI., .METRE. ) );
#933 = AXIS2_PLACEMENT_3D ( 'NONE', #2933, #710, #1985 ) ;
#934 = SURFACE_STYLE_FILL_AREA ( #1210 ) ;
#935 = EDGE_CURVE ( 'NONE', #2597, #2589, #2813, .T. ) ;
#936 = CARTESIAN_POINT ( 'NONE',  ( -0.9998171829347854977, -1.000000000000000000, -1.047444401652940007E-14 ) ) ;
#937 =( LENGTH_UNIT ( ) NAMED_UNIT ( * ) SI_UNIT ( .MILLI., .METRE. ) );
#938 = ORIENTED_EDGE ( 'NONE', *, *, #863, .F. ) ;
#939 = CARTESIAN_POINT ( 'NONE',  ( -1.299817182934787096, -0.9000000000000001332, -9.426999614876461637E-15 ) ) ;
#940 = MECHANICAL_DESIGN_GEOMETRIC_PRESENTATION_REPRESENTATION (  '', ( #424 ), #6 ) ;
#941 =( GEOMETRIC_REPRESENTATION_CONTEXT ( 3 ) GLOBAL_UNCERTAINTY_ASSIGNED_CONTEXT ( ( #1042 ) ) GLOBAL_UNIT_ASSIGNED_CONTEXT ( ( #997, #3195, #2681 ) ) REPRESENTATION_CONTEXT ( 'NONE', 'WORKASPACE' ) );
#942 = SURFACE_STYLE_USAGE ( .BOTH. , #1415 ) ;
#943 = UNCERTAINTY_MEASURE_WITH_UNIT (LENGTH_MEASURE( 1.000000000000000082E-05 ), #1878, 'distance_accuracy_value', 'NONE');
#944 = STYLED_ITEM ( 'NONE', ( #2841 ), #1069 ) ;
#945 = ORIENTED_EDGE ( 'NONE', *, *, #113, .F. ) ;
#946 = FILL_AREA_STYLE_COLOUR ( '', #2829 ) ;
#947 = ORIENTED_EDGE ( 'NONE', *, *, #384, .F. ) ;
#948 = DIRECTION ( 'NONE',  ( 0.000000000000000000, 1.047444401652940007E-14, -1.000000000000000000 ) ) ;
#949 = SURFACE_STYLE_FILL_AREA ( #1505 ) ;
#950 = DIRECTION ( 'NONE',  ( 0.000000000000000000, -1.047444401652940007E-14, 1.000000000000000000 ) ) ;
#951 = CARTESIAN_POINT ( 'NONE',  ( 1.300182817065210994, -1.300000000000003819, 0.3499999999999859890 ) ) ;
#952 = CARTESIAN_POINT ( 'NONE',  ( 0.0001828170652154459397, 0.3450000000000019718, 0.1700000000000036204 ) ) ;
#953 = VERTEX_POINT ( 'NONE', #2773 ) ;
#954 = LINE ( 'NONE', #434, #2493 ) ;
#955 = STYLED_ITEM ( 'NONE', ( #1337 ), #1208 ) ;
#956 = PRESENTATION_STYLE_ASSIGNMENT (( #3196 ) ) ;
#957 = ADVANCED_FACE ( 'NONE', ( #1775 ), #512, .T. ) ;
#958 = VECTOR ( 'NONE', #607, 1000.000000000000000 ) ;
#959 = AXIS2_PLACEMENT_3D ( 'NONE', #69, #3000, #2781 ) ;
#960 = EDGE_CURVE ( 'NONE', #1165, #2407, #1261, .T. ) ;
#961 = FACE_OUTER_BOUND ( 'NONE', #1953, .T. ) ;
#962 = ORIENTED_EDGE ( 'NONE', *, *, #2186, .T. ) ;
#963 = SURFACE_STYLE_USAGE ( .BOTH. , #1919 ) ;
#964 = PRESENTATION_LAYER_ASSIGNMENT (  '', '', ( #701 ) ) ;
#965 = EDGE_LOOP ( 'NONE', ( #1522, #1334, #288, #316 ) ) ;
#966 = DIRECTION ( 'NONE',  ( 0.000000000000000000, -1.000000000000000000, -1.047444401652940007E-14 ) ) ;
#967 = DIRECTION ( 'NONE',  ( -1.000000000000000000, 0.000000000000000000, 0.000000000000000000 ) ) ;
#968 = ORIENTED_EDGE ( 'NONE', *, *, #1119, .F. ) ;
#969 = CARTESIAN_POINT ( 'NONE',  ( 0.3001828170652171002, 0.8999999999999995781, 9.426999614876455326E-15 ) ) ;
#970 = CARTESIAN_POINT ( 'NONE',  ( -4.318768448973789198, 0.9000000000000000222, 9.426999614876460059E-15 ) ) ;
#971 = EDGE_CURVE ( 'NONE', #1152, #2555, #1709, .T. ) ;
#972 = ADVANCED_FACE ( 'NONE', ( #788 ), #2995, .T. ) ;
#973 = FACE_OUTER_BOUND ( 'NONE', #808, .T. ) ;
#974 = FACE_OUTER_BOUND ( 'NONE', #2687, .T. ) ;
#975 = EDGE_LOOP ( 'NONE', ( #85, #72, #333, #1895 ) ) ;
#976 = CARTESIAN_POINT ( 'NONE',  ( -2.789817182934785311, 1.550000000000000044, 1.623538822562057010E-14 ) ) ;
#977 = MECHANICAL_DESIGN_GEOMETRIC_PRESENTATION_REPRESENTATION (  '', ( #1958 ), #2692 ) ;
#978 = ORIENTED_EDGE ( 'NONE', *, *, #718, .F. ) ;
#979 = STYLED_ITEM ( 'NONE', ( #2376 ), #1818 ) ;
#980 = CARTESIAN_POINT ( 'NONE',  ( 1.500182817065209839, 0.9000000000000000222, 9.426999614876460059E-15 ) ) ;
#981 = LINE ( 'NONE', #1906, #2717 ) ;
#982 =( GEOMETRIC_REPRESENTATION_CONTEXT ( 3 ) GLOBAL_UNCERTAINTY_ASSIGNED_CONTEXT ( ( #3133 ) ) GLOBAL_UNIT_ASSIGNED_CONTEXT ( ( #1034, #1049, #3067 ) ) REPRESENTATION_CONTEXT ( 'NONE', 'WORKASPACE' ) );
#983 =( GEOMETRIC_REPRESENTATION_CONTEXT ( 3 ) GLOBAL_UNCERTAINTY_ASSIGNED_CONTEXT ( ( #3138 ) ) GLOBAL_UNIT_ASSIGNED_CONTEXT ( ( #1634, #1399, #862 ) ) REPRESENTATION_CONTEXT ( 'NONE', 'WORKASPACE' ) );
#984 = CARTESIAN_POINT ( 'NONE',  ( -0.02981718293478680115, -1.309305502066176270E-14, 1.250000000000001110 ) ) ;
#985 = DIRECTION ( 'NONE',  ( -1.000000000000000000, 0.000000000000000000, 0.000000000000000000 ) ) ;
#986 = EDGE_LOOP ( 'NONE', ( #1814, #1098, #709, #210 ) ) ;
#987 = EDGE_CURVE ( 'NONE', #1451, #2088, #2297, .T. ) ;
#988 = VECTOR ( 'NONE', #876, 1000.000000000000000 ) ;
#989 = DIRECTION ( 'NONE',  ( -0.000000000000000000, -1.047444401652940007E-14, 1.000000000000000000 ) ) ;
#990 = FILL_AREA_STYLE ('',( #2386 ) ) ;
#991 = LINE ( 'NONE', #2449, #1385 ) ;
#992 = ORIENTED_EDGE ( 'NONE', *, *, #1730, .T. ) ;
#993 = SURFACE_STYLE_USAGE ( .BOTH. , #269 ) ;
#994 = DIRECTION ( 'NONE',  ( 0.000000000000000000, 1.047444401652940007E-14, -1.000000000000000000 ) ) ;
#995 = VERTEX_POINT ( 'NONE', #660 ) ;
#996 = DIRECTION ( 'NONE',  ( 0.000000000000000000, 1.047444401652940007E-14, -1.000000000000000000 ) ) ;
#997 =( LENGTH_UNIT ( ) NAMED_UNIT ( * ) SI_UNIT ( .MILLI., .METRE. ) );
#998 = FACE_OUTER_BOUND ( 'NONE', #367, .T. ) ;
#999 = VECTOR ( 'NONE', #1924, 1000.000000000000000 ) ;
#1000 = SURFACE_STYLE_FILL_AREA ( #2310 ) ;
#1001 = PRESENTATION_LAYER_ASSIGNMENT (  '', '', ( #2414 ) ) ;
#1002 = CARTESIAN_POINT ( 'NONE',  ( -0.7744138521762894412, 0.3499999999999961475, 0.3500000000000033085 ) ) ;
#1003 =( NAMED_UNIT ( * ) SI_UNIT ( $, .STERADIAN. ) SOLID_ANGLE_UNIT ( ) );
#1004 = AXIS2_PLACEMENT_3D ( 'NONE', #1100, #1610, #1370 ) ;
#1005 = EDGE_CURVE ( 'NONE', #1176, #866, #2375, .T. ) ;
#1006 = AXIS2_PLACEMENT_3D ( 'NONE', #630, #2858, #1304 ) ;
#1007 = CIRCLE ( 'NONE', #337, 0.5500000000000000444 ) ;
#1008 = VERTEX_POINT ( 'NONE', #2103 ) ;
#1009 = FACE_OUTER_BOUND ( 'NONE', #931, .T. ) ;
#1010 = CARTESIAN_POINT ( 'NONE',  ( 0.0001828170652154459397, -1.309305502066176270E-14, 1.250000000000001110 ) ) ;
#1011 = COLOUR_RGB ( '',0.9686274509803921573, 0.8784313725490195957, 0.5999999999999999778 ) ;
#1012 = FILL_AREA_STYLE ('',( #1508 ) ) ;
#1013 = EDGE_LOOP ( 'NONE', ( #1821, #2451, #483, #2985, #2808, #2161, #916, #992 ) ) ;
#1014 = CARTESIAN_POINT ( 'NONE',  ( 0.000000000000000000, -8.379555213223505853E-15, 0.7999999999999986011 ) ) ;
#1015 = EDGE_CURVE ( 'NONE', #1258, #1133, #3076, .T. ) ;
#1016 = VECTOR ( 'NONE', #3087, 1000.000000000000000 ) ;
#1017 = DIRECTION ( 'NONE',  ( 0.000000000000000000, 1.047444401652940007E-14, -1.000000000000000000 ) ) ;
#1018 = SURFACE_STYLE_FILL_AREA ( #3028 ) ;
#1019 = VERTEX_POINT ( 'NONE', #2392 ) ;
#1020 =( LENGTH_UNIT ( ) NAMED_UNIT ( * ) SI_UNIT ( .MILLI., .METRE. ) );
#1021 = STYLED_ITEM ( 'NONE', ( #2587 ), #872 ) ;
#1022 = EDGE_CURVE ( 'NONE', #2782, #1198, #168, .T. ) ;
#1023 = PRESENTATION_STYLE_ASSIGNMENT (( #1817 ) ) ;
#1024 =( LENGTH_UNIT ( ) NAMED_UNIT ( * ) SI_UNIT ( .MILLI., .METRE. ) );
#1025 = PLANE ( 'NONE',  #1436 ) ;
#1026 = ORIENTED_EDGE ( 'NONE', *, *, #2328, .T. ) ;
#1027 = CARTESIAN_POINT ( 'NONE',  ( -0.02981718293478680115, -1.078867733702527860E-14, 1.029999999999999583 ) ) ;
#1028 = DIRECTION ( 'NONE',  ( 0.000000000000000000, 1.047444401652940007E-14, -1.000000000000000000 ) ) ;
#1029 = CIRCLE ( 'NONE', #1499, 0.9300000000000000488 ) ;
#1030 =( GEOMETRIC_REPRESENTATION_CONTEXT ( 3 ) GLOBAL_UNCERTAINTY_ASSIGNED_CONTEXT ( ( #1432 ) ) GLOBAL_UNIT_ASSIGNED_CONTEXT ( ( #2655, #1234, #1973 ) ) REPRESENTATION_CONTEXT ( 'NONE', 'WORKASPACE' ) );
#1031 = COLOUR_RGB ( '',0.8431372549019607865, 0.8156862745098039102, 0.7529411764705882248 ) ;
#1032 = ORIENTED_EDGE ( 'NONE', *, *, #2342, .F. ) ;
#1033 = CARTESIAN_POINT ( 'NONE',  ( 0.0001828170652154459397, -1.078867733702527860E-14, 1.029999999999999583 ) ) ;
#1034 =( LENGTH_UNIT ( ) NAMED_UNIT ( * ) SI_UNIT ( .MILLI., .METRE. ) );
#1035 = AXIS2_PLACEMENT_3D ( 'NONE', #2406, #1212, #174 ) ;
#1036 = DIRECTION ( 'NONE',  ( -1.000000000000000000, 0.000000000000000000, 0.000000000000000000 ) ) ;
#1037 = VECTOR ( 'NONE', #681, 1000.000000000000000 ) ;
#1038 = DIRECTION ( 'NONE',  ( 0.000000000000000000, 1.047444401652940007E-14, -1.000000000000000000 ) ) ;
#1039 =( NAMED_UNIT ( * ) SI_UNIT ( $, .STERADIAN. ) SOLID_ANGLE_UNIT ( ) );
#1040 = FILL_AREA_STYLE_COLOUR ( '', #290 ) ;
#1041 = LINE ( 'NONE', #1501, #3161 ) ;
#1042 = UNCERTAINTY_MEASURE_WITH_UNIT (LENGTH_MEASURE( 1.000000000000000082E-05 ), #997, 'distance_accuracy_value', 'NONE');
#1043 = ORIENTED_EDGE ( 'NONE', *, *, #2921, .F. ) ;
#1044 = FILL_AREA_STYLE ('',( #501 ) ) ;
#1045 = PRESENTATION_STYLE_ASSIGNMENT (( #556 ) ) ;
#1046 = FACE_OUTER_BOUND ( 'NONE', #571, .T. ) ;
#1047 = ORIENTED_EDGE ( 'NONE', *, *, #2700, .T. ) ;
#1048 = DIRECTION ( 'NONE',  ( 0.000000000000000000, 1.000000000000000000, 1.047444401652940007E-14 ) ) ;
#1049 =( NAMED_UNIT ( * ) PLANE_ANGLE_UNIT ( ) SI_UNIT ( $, .RADIAN. ) );
#1050 = EDGE_CURVE ( 'NONE', #3151, #2897, #1140, .T. ) ;
#1051 = FILL_AREA_STYLE_COLOUR ( '', #3134 ) ;
#1052 = CARTESIAN_POINT ( 'NONE',  ( 0.7747794863067134497, 0.3499999999999998113, 3.666055405785288445E-15 ) ) ;
#1053 = PRESENTATION_STYLE_ASSIGNMENT (( #327 ) ) ;
#1054 = DIRECTION ( 'NONE',  ( 0.000000000000000000, -1.000000000000000000, -1.047444401652940007E-14 ) ) ;
#1055 = DIRECTION ( 'NONE',  ( 0.000000000000000000, -1.000000000000000000, -1.047444401652940007E-14 ) ) ;
#1056 = CARTESIAN_POINT ( 'NONE',  ( -4.318768448973789198, -0.2009885622606450983, -2.105243443361860554E-15 ) ) ;
#1057 = CIRCLE ( 'NONE', #1123, 0.1700000000000000122 ) ;
#1058 = VERTEX_POINT ( 'NONE', #841 ) ;
#1059 =( NAMED_UNIT ( * ) PLANE_ANGLE_UNIT ( ) SI_UNIT ( $, .RADIAN. ) );
#1060 = AXIS2_PLACEMENT_3D ( 'NONE', #2586, #1398, #117 ) ;
#1061 = SURFACE_STYLE_FILL_AREA ( #1256 ) ;
#1062 = CARTESIAN_POINT ( 'NONE',  ( 0.7747794863067134497, -0.3500000000000000333, -3.666055405785290812E-15 ) ) ;
#1063 = SURFACE_STYLE_USAGE ( .BOTH. , #576 ) ;
#1064 = VERTEX_POINT ( 'NONE', #1582 ) ;
#1065 = LINE ( 'NONE', #509, #2492 ) ;
#1066 =( LENGTH_UNIT ( ) NAMED_UNIT ( * ) SI_UNIT ( .MILLI., .METRE. ) );
#1067 =( NAMED_UNIT ( * ) PLANE_ANGLE_UNIT ( ) SI_UNIT ( $, .RADIAN. ) );
#1068 = ORIENTED_EDGE ( 'NONE', *, *, #2429, .F. ) ;
#1069 = ADVANCED_FACE ( 'NONE', ( #1882 ), #1823, .T. ) ;
#1070 = VECTOR ( 'NONE', #376, 1000.000000000000000 ) ;
#1071 = LINE ( 'NONE', #585, #2564 ) ;
#1072 = CARTESIAN_POINT ( 'NONE',  ( 1.300182817065210994, 1.299999999999996048, 0.3500000000000132450 ) ) ;
#1073 = AXIS2_PLACEMENT_3D ( 'NONE', #1978, #1191, #2232 ) ;
#1074 = ADVANCED_FACE ( 'NONE', ( #173 ), #1902, .T. ) ;
#1075 = UNCERTAINTY_MEASURE_WITH_UNIT (LENGTH_MEASURE( 1.000000000000000082E-05 ), #343, 'distance_accuracy_value', 'NONE');
#1076 = VERTEX_POINT ( 'NONE', #3158 ) ;
#1077 = SURFACE_SIDE_STYLE ('',( #1874 ) ) ;
#1078 = PRESENTATION_LAYER_ASSIGNMENT (  '', '', ( #2433 ) ) ;
#1079 = DIRECTION ( 'NONE',  ( 0.000000000000000000, -1.000000000000000000, -1.047444401652940007E-14 ) ) ;
#1080 =( NAMED_UNIT ( * ) PLANE_ANGLE_UNIT ( ) SI_UNIT ( $, .RADIAN. ) );
#1081 = UNCERTAINTY_MEASURE_WITH_UNIT (LENGTH_MEASURE( 1.000000000000000082E-05 ), #1812, 'distance_accuracy_value', 'NONE');
#1082 = SURFACE_STYLE_USAGE ( .BOTH. , #2558 ) ;
#1083 = ORIENTED_EDGE ( 'NONE', *, *, #919, .F. ) ;
#1084 = SURFACE_STYLE_FILL_AREA ( #2322 ) ;
#1085 =( LENGTH_UNIT ( ) NAMED_UNIT ( * ) SI_UNIT ( .MILLI., .METRE. ) );
#1086 = LINE ( 'NONE', #2660, #2197 ) ;
#1087 = STYLED_ITEM ( 'NONE', ( #2960 ), #2732 ) ;
#1088 = AXIS2_PLACEMENT_3D ( 'NONE', #2624, #2115, #1352 ) ;
#1089 = LINE ( 'NONE', #162, #1502 ) ;
#1090 = CARTESIAN_POINT ( 'NONE',  ( -1.299817182934787096, 1.299999999999999822, 1.361677722148821851E-14 ) ) ;
#1091 = LINE ( 'NONE', #2727, #3038 ) ;
#1092 = STYLED_ITEM ( 'NONE', ( #1568 ), #2477 ) ;
#1093 =( NAMED_UNIT ( * ) PLANE_ANGLE_UNIT ( ) SI_UNIT ( $, .RADIAN. ) );
#1094 = CARTESIAN_POINT ( 'NONE',  ( 1.300182817065210994, 0.9999999999999997780, 1.047444401652939691E-14 ) ) ;
#1095 = AXIS2_PLACEMENT_3D ( 'NONE', #2484, #771, #2036 ) ;
#1096 = PRESENTATION_LAYER_ASSIGNMENT (  '', '', ( #2072 ) ) ;
#1097 = FILL_AREA_STYLE ('',( #3053 ) ) ;
#1098 = ORIENTED_EDGE ( 'NONE', *, *, #1308, .F. ) ;
#1099 = DIRECTION ( 'NONE',  ( -1.000000000000000000, 0.000000000000000000, 0.000000000000000000 ) ) ;
#1100 = CARTESIAN_POINT ( 'NONE',  ( 0.4244468857771063752, 0.3499999999999961475, 0.3500000000000033085 ) ) ;
#1101 = SURFACE_STYLE_FILL_AREA ( #2354 ) ;
#1102 = ORIENTED_EDGE ( 'NONE', *, *, #2669, .T. ) ;
#1103 = FACE_OUTER_BOUND ( 'NONE', #1705, .T. ) ;
#1104 = EDGE_CURVE ( 'NONE', #2785, #3103, #2958, .T. ) ;
#1105 = PRESENTATION_STYLE_ASSIGNMENT (( #1858 ) ) ;
#1106 =( NAMED_UNIT ( * ) PLANE_ANGLE_UNIT ( ) SI_UNIT ( $, .RADIAN. ) );
#1107 =( GEOMETRIC_REPRESENTATION_CONTEXT ( 3 ) GLOBAL_UNCERTAINTY_ASSIGNED_CONTEXT ( ( #1403 ) ) GLOBAL_UNIT_ASSIGNED_CONTEXT ( ( #2807, #2038, #46 ) ) REPRESENTATION_CONTEXT ( 'NONE', 'WORKASPACE' ) );
#1108 = ORIENTED_EDGE ( 'NONE', *, *, #1720, .F. ) ;
#1109 = DIRECTION ( 'NONE',  ( 0.000000000000000000, 1.047444401652940007E-14, -1.000000000000000000 ) ) ;
#1110 = EDGE_LOOP ( 'NONE', ( #149, #3023, #562, #3086 ) ) ;
#1111 = FILL_AREA_STYLE ('',( #2346 ) ) ;
#1112 = SURFACE_SIDE_STYLE ('',( #638 ) ) ;
#1113 = CARTESIAN_POINT ( 'NONE',  ( 0.0001828170652154459397, -1.078867733702527860E-14, 1.029999999999999583 ) ) ;
#1114 = UNCERTAINTY_MEASURE_WITH_UNIT (LENGTH_MEASURE( 1.000000000000000082E-05 ), #1453, 'distance_accuracy_value', 'NONE');
#1115 = ORIENTED_EDGE ( 'NONE', *, *, #1022, .T. ) ;
#1116 = SURFACE_STYLE_USAGE ( .BOTH. , #1077 ) ;
#1117 = CARTESIAN_POINT ( 'NONE',  ( -0.7744138521762894412, -0.3500000000000047518, 0.4499999999999953482 ) ) ;
#1118 = SURFACE_SIDE_STYLE ('',( #124 ) ) ;
#1119 = EDGE_CURVE ( 'NONE', #3103, #733, #2430, .T. ) ;
#1120 = STYLED_ITEM ( 'NONE', ( #2381 ), #1638 ) ;
#1121 = ORIENTED_EDGE ( 'NONE', *, *, #306, .T. ) ;
#1122 = LINE ( 'NONE', #160, #2653 ) ;
#1123 = AXIS2_PLACEMENT_3D ( 'NONE', #503, #2768, #2033 ) ;
#1124 = STYLED_ITEM ( 'NONE', ( #2982 ), #2130 ) ;
#1125 = DIRECTION ( 'NONE',  ( -1.000000000000000000, 0.000000000000000000, 0.000000000000000000 ) ) ;
#1126 = ORIENTED_EDGE ( 'NONE', *, *, #2647, .F. ) ;
#1127 = PRESENTATION_STYLE_ASSIGNMENT (( #2378 ) ) ;
#1128 = ADVANCED_FACE ( 'NONE', ( #1473 ), #2453, .T. ) ;
#1129 = PLANE ( 'NONE',  #180 ) ;
#1130 = LINE ( 'NONE', #3149, #237 ) ;
#1131 = FILL_AREA_STYLE ('',( #154 ) ) ;
#1132 = COLOUR_RGB ( '',0.9686274509803921573, 0.8784313725490195957, 0.5999999999999999778 ) ;
#1133 = VERTEX_POINT ( 'NONE', #1211 ) ;
#1134 = SURFACE_STYLE_USAGE ( .BOTH. , #1387 ) ;
#1135 =( NAMED_UNIT ( * ) PLANE_ANGLE_UNIT ( ) SI_UNIT ( $, .RADIAN. ) );
#1136 = CARTESIAN_POINT ( 'NONE',  ( -0.9998171829347785033, 0.9000000000000000222, 9.426999614876460059E-15 ) ) ;
#1137 = ORIENTED_EDGE ( 'NONE', *, *, #673, .F. ) ;
#1138 = DIRECTION ( 'NONE',  ( 0.000000000000000000, 1.047444401652940007E-14, -1.000000000000000000 ) ) ;
#1139 = FILL_AREA_STYLE_COLOUR ( '', #1011 ) ;
#1140 = LINE ( 'NONE', #894, #2352 ) ;
#1141 = SURFACE_STYLE_USAGE ( .BOTH. , #3127 ) ;
#1142 = ORIENTED_EDGE ( 'NONE', *, *, #11, .T. ) ;
#1143 = STYLED_ITEM ( 'NONE', ( #1518 ), #3137 ) ;
#1144 =( LENGTH_UNIT ( ) NAMED_UNIT ( * ) SI_UNIT ( .MILLI., .METRE. ) );
#1145 = FILL_AREA_STYLE ('',( #152 ) ) ;
#1146 = AXIS2_PLACEMENT_3D ( 'NONE', #1859, #2360, #856 ) ;
#1147 = AXIS2_PLACEMENT_3D ( 'NONE', #2412, #183, #3165 ) ;
#1148 = FACE_OUTER_BOUND ( 'NONE', #986, .T. ) ;
#1149 = PRESENTATION_LAYER_ASSIGNMENT (  '', '', ( #2541 ) ) ;
#1150 = UNCERTAINTY_MEASURE_WITH_UNIT (LENGTH_MEASURE( 1.000000000000000082E-05 ), #1249, 'distance_accuracy_value', 'NONE');
#1151 = PRESENTATION_LAYER_ASSIGNMENT (  '', '', ( #2654 ) ) ;
#1152 = VERTEX_POINT ( 'NONE', #2202 ) ;
#1153 = CYLINDRICAL_SURFACE ( 'NONE', #544, 0.8499999999999999778 ) ;
#1154 = ORIENTED_EDGE ( 'NONE', *, *, #1828, .F. ) ;
#1155 = CYLINDRICAL_SURFACE ( 'NONE', #2336, 0.2500000000000000000 ) ;
#1156 = CARTESIAN_POINT ( 'NONE',  ( 0.0001828170652154459397, 0.000000000000000000, 0.000000000000000000 ) ) ;
#1157 = FACE_OUTER_BOUND ( 'NONE', #649, .T. ) ;
#1158 = ORIENTED_EDGE ( 'NONE', *, *, #166, .F. ) ;
#1159 = DIRECTION ( 'NONE',  ( 0.000000000000000000, -1.047444401652940007E-14, 1.000000000000000000 ) ) ;
#1160 = FILL_AREA_STYLE_COLOUR ( '', #1324 ) ;
#1161 = EDGE_CURVE ( 'NONE', #220, #3122, #2930, .T. ) ;
#1162 = PRESENTATION_LAYER_ASSIGNMENT (  '', '', ( #917 ) ) ;
#1163 = ORIENTED_EDGE ( 'NONE', *, *, #2647, .T. ) ;
#1164 = DIRECTION ( 'NONE',  ( 0.000000000000000000, 1.000000000000000000, 1.047444401652940007E-14 ) ) ;
#1165 = VERTEX_POINT ( 'NONE', #2944 ) ;
#1166 = CARTESIAN_POINT ( 'NONE',  ( -4.318768448973789198, -0.2009885622606466526, 0.1499999999999987177 ) ) ;
#1167 = LINE ( 'NONE', #1950, #999 ) ;
#1168 = TOROIDAL_SURFACE ( 'NONE', #646, 0.03000000000000110217, 0.2200000000000000011 ) ;
#1169 = FILL_AREA_STYLE_COLOUR ( '', #869 ) ;
#1170 = LINE ( 'NONE', #1197, #2595 ) ;
#1171 = ORIENTED_EDGE ( 'NONE', *, *, #584, .T. ) ;
#1172 = PLANE ( 'NONE',  #1554 ) ;
#1173 = MECHANICAL_DESIGN_GEOMETRIC_PRESENTATION_REPRESENTATION (  '', ( #2467 ), #2970 ) ;
#1174 = DIRECTION ( 'NONE',  ( 0.000000000000000000, -1.047444401652940007E-14, 1.000000000000000000 ) ) ;
#1175 = UNCERTAINTY_MEASURE_WITH_UNIT (LENGTH_MEASURE( 1.000000000000000082E-05 ), #1548, 'distance_accuracy_value', 'NONE');
#1176 = VERTEX_POINT ( 'NONE', #477 ) ;
#1177 = EDGE_CURVE ( 'NONE', #1254, #2897, #2917, .T. ) ;
#1178 = AXIS2_PLACEMENT_3D ( 'NONE', #2710, #450, #2977 ) ;
#1179 = ORIENTED_EDGE ( 'NONE', *, *, #2181, .F. ) ;
#1180 = PRESENTATION_LAYER_ASSIGNMENT (  '', '', ( #2051 ) ) ;
#1181 =( LENGTH_UNIT ( ) NAMED_UNIT ( * ) SI_UNIT ( .MILLI., .METRE. ) );
#1182 = VECTOR ( 'NONE', #1660, 1000.000000000000000 ) ;
#1183 =( NAMED_UNIT ( * ) PLANE_ANGLE_UNIT ( ) SI_UNIT ( $, .RADIAN. ) );
#1184 = CARTESIAN_POINT ( 'NONE',  ( 1.500182817065209839, -0.9000000000000001332, -9.426999614876461637E-15 ) ) ;
#1185 = VERTEX_POINT ( 'NONE', #1940 ) ;
#1186 = EDGE_CURVE ( 'NONE', #2431, #2822, #2219, .T. ) ;
#1187 =( NAMED_UNIT ( * ) SI_UNIT ( $, .STERADIAN. ) SOLID_ANGLE_UNIT ( ) );
#1188 = SURFACE_STYLE_USAGE ( .BOTH. , #696 ) ;
#1189 = TOROIDAL_SURFACE ( 'NONE', #933, 0.005000000000003753178, 0.1700000000000000122 ) ;
#1190 = ORIENTED_EDGE ( 'NONE', *, *, #1303, .T. ) ;
#1191 = DIRECTION ( 'NONE',  ( 1.000000000000000000, 0.000000000000000000, 0.000000000000000000 ) ) ;
#1192 = MECHANICAL_DESIGN_GEOMETRIC_PRESENTATION_REPRESENTATION (  '', ( #2742 ), #2285 ) ;
#1193 = VERTEX_POINT ( 'NONE', #984 ) ;
#1194 = SURFACE_STYLE_USAGE ( .BOTH. , #3215 ) ;
#1195 = PRESENTATION_STYLE_ASSIGNMENT (( #203 ) ) ;
#1196 = FILL_AREA_STYLE ('',( #208 ) ) ;
#1197 = CARTESIAN_POINT ( 'NONE',  ( 1.300182817065210994, -1.000000000000000000, -1.047444401652940007E-14 ) ) ;
#1198 = VERTEX_POINT ( 'NONE', #1968 ) ;
#1199 = EDGE_CURVE ( 'NONE', #1133, #1908, #691, .T. ) ;
#1200 = ADVANCED_FACE ( 'NONE', ( #2720 ), #633, .F. ) ;
#1201 = DIRECTION ( 'NONE',  ( 0.000000000000000000, -1.000000000000000000, -1.047444401652940007E-14 ) ) ;
#1202 = DIRECTION ( 'NONE',  ( -1.000000000000000000, 0.000000000000000000, 0.000000000000000000 ) ) ;
#1203 = UNCERTAINTY_MEASURE_WITH_UNIT (LENGTH_MEASURE( 1.000000000000000082E-05 ), #800, 'distance_accuracy_value', 'NONE');
#1204 = ORIENTED_EDGE ( 'NONE', *, *, #2593, .F. ) ;
#1205 = SURFACE_STYLE_FILL_AREA ( #1699 ) ;
#1206 = ORIENTED_EDGE ( 'NONE', *, *, #184, .T. ) ;
#1207 = ADVANCED_FACE ( 'NONE', ( #373 ), #2001, .F. ) ;
#1208 = ADVANCED_FACE ( 'NONE', ( #1643 ), #3105, .F. ) ;
#1209 = DIRECTION ( 'NONE',  ( -1.000000000000000000, -1.110223024625159992E-16, -1.162896891729818049E-30 ) ) ;
#1210 = FILL_AREA_STYLE ('',( #918 ) ) ;
#1211 = CARTESIAN_POINT ( 'NONE',  ( -0.9998171829347854977, -1.300000000000003819, 0.3499999999999859890 ) ) ;
#1212 = DIRECTION ( 'NONE',  ( 0.000000000000000000, 1.047444401652940007E-14, -1.000000000000000000 ) ) ;
#1213 = EDGE_CURVE ( 'NONE', #3144, #1618, #1086, .T. ) ;
#1214 = EDGE_CURVE ( 'NONE', #866, #953, #981, .T. ) ;
#1215 = ORIENTED_EDGE ( 'NONE', *, *, #358, .F. ) ;
#1216 = SURFACE_STYLE_FILL_AREA ( #1663 ) ;
#1217 = SURFACE_SIDE_STYLE ('',( #274 ) ) ;
#1218 = EDGE_CURVE ( 'NONE', #2634, #8, #3171, .T. ) ;
#1219 = STYLED_ITEM ( 'NONE', ( #2267 ), #1314 ) ;
#1220 = FILL_AREA_STYLE_COLOUR ( '', #1748 ) ;
#1221 = LINE ( 'NONE', #2174, #671 ) ;
#1222 = ORIENTED_EDGE ( 'NONE', *, *, #91, .F. ) ;
#1223 = CARTESIAN_POINT ( 'NONE',  ( -0.9998171829347854977, -7.541599691901152586E-15, 0.7199999999999984190 ) ) ;
#1224 = VECTOR ( 'NONE', #2277, 1000.000000000000000 ) ;
#1225 = ORIENTED_EDGE ( 'NONE', *, *, #3148, .T. ) ;
#1226 =( NAMED_UNIT ( * ) PLANE_ANGLE_UNIT ( ) SI_UNIT ( $, .RADIAN. ) );
#1227 = DIRECTION ( 'NONE',  ( 0.000000000000000000, 1.047444401652940007E-14, -1.000000000000000000 ) ) ;
#1228 =( NAMED_UNIT ( * ) PLANE_ANGLE_UNIT ( ) SI_UNIT ( $, .RADIAN. ) );
#1229 = DIRECTION ( 'NONE',  ( 0.000000000000000000, -1.047444401652940007E-14, 1.000000000000000000 ) ) ;
#1230 = MECHANICAL_DESIGN_GEOMETRIC_PRESENTATION_REPRESENTATION (  '', ( #406 ), #1736 ) ;
#1231 = ORIENTED_EDGE ( 'NONE', *, *, #1877, .F. ) ;
#1232 = FILL_AREA_STYLE_COLOUR ( '', #3125 ) ;
#1233 = CARTESIAN_POINT ( 'NONE',  ( 0.0001828170652154459397, -5.760944209091153470E-15, 0.5499999999999983791 ) ) ;
#1234 =( NAMED_UNIT ( * ) PLANE_ANGLE_UNIT ( ) SI_UNIT ( $, .RADIAN. ) );
#1235 = EDGE_CURVE ( 'NONE', #892, #1970, #1167, .T. ) ;
#1236 = CARTESIAN_POINT ( 'NONE',  ( -0.2498171829347778372, 0.4330127018922220739, 4.535567304416213891E-15 ) ) ;
#1237 = PRESENTATION_LAYER_ASSIGNMENT (  '', '', ( #1087 ) ) ;
#1238 = ORIENTED_EDGE ( 'NONE', *, *, #2561, .F. ) ;
#1239 = ORIENTED_EDGE ( 'NONE', *, *, #435, .T. ) ;
#1240 =( GEOMETRIC_REPRESENTATION_CONTEXT ( 3 ) GLOBAL_UNCERTAINTY_ASSIGNED_CONTEXT ( ( #71 ) ) GLOBAL_UNIT_ASSIGNED_CONTEXT ( ( #1567, #1106, #2632 ) ) REPRESENTATION_CONTEXT ( 'NONE', 'WORKASPACE' ) );
#1241 = CARTESIAN_POINT ( 'NONE',  ( -4.318768448973789198, 0.4330127018922231286, 4.535567304416225724E-15 ) ) ;
#1242 = CARTESIAN_POINT ( 'NONE',  ( 0.2501828170652156680, -4.713499807438219774E-15, 0.4499999999999990119 ) ) ;
#1243 = COLOUR_RGB ( '',0.9686274509803921573, 0.8784313725490195957, 0.5999999999999999778 ) ;
#1244 = VECTOR ( 'NONE', #1606, 1000.000000000000000 ) ;
#1245 = DIRECTION ( 'NONE',  ( 0.000000000000000000, -1.047444401652940007E-14, 1.000000000000000000 ) ) ;
#1246 = EDGE_LOOP ( 'NONE', ( #190, #1697, #1691, #371 ) ) ;
#1247 = CARTESIAN_POINT ( 'NONE',  ( 1.050182817065210772, 0.9000000000000000222, 9.426999614876460059E-15 ) ) ;
#1248 = AXIS2_PLACEMENT_3D ( 'NONE', #423, #2327, #1362 ) ;
#1249 =( LENGTH_UNIT ( ) NAMED_UNIT ( * ) SI_UNIT ( .MILLI., .METRE. ) );
#1250 = PRESENTATION_LAYER_ASSIGNMENT (  '', '', ( #832 ) ) ;
#1251 = DIRECTION ( 'NONE',  ( 0.000000000000000000, 1.047444401652940007E-14, -1.000000000000000000 ) ) ;
#1252 = ORIENTED_EDGE ( 'NONE', *, *, #1826, .F. ) ;
#1253 =( GEOMETRIC_REPRESENTATION_CONTEXT ( 3 ) GLOBAL_UNCERTAINTY_ASSIGNED_CONTEXT ( ( #1329 ) ) GLOBAL_UNIT_ASSIGNED_CONTEXT ( ( #1066, #1321, #2070 ) ) REPRESENTATION_CONTEXT ( 'NONE', 'WORKASPACE' ) );
#1254 = VERTEX_POINT ( 'NONE', #204 ) ;
#1255 = PLANE ( 'NONE',  #205 ) ;
#1256 = FILL_AREA_STYLE ('',( #73 ) ) ;
#1257 = CARTESIAN_POINT ( 'NONE',  ( 1.000182817065209395, 0.000000000000000000, 0.000000000000000000 ) ) ;
#1258 = VERTEX_POINT ( 'NONE', #2199 ) ;
#1259 = LINE ( 'NONE', #2515, #359 ) ;
#1260 = ADVANCED_FACE ( 'NONE', ( #1938 ), #2943, .F. ) ;
#1261 = LINE ( 'NONE', #2256, #1819 ) ;
#1262 = CARTESIAN_POINT ( 'NONE',  ( 0.0001828170652154459397, -1.078867733702527860E-14, 1.029999999999999583 ) ) ;
#1263 = DIRECTION ( 'NONE',  ( 0.000000000000000000, 1.000000000000000000, 1.047444401652940007E-14 ) ) ;
#1264 = CARTESIAN_POINT ( 'NONE',  ( 0.2501828170652087291, 0.4330127018922220739, 4.535567304416213891E-15 ) ) ;
#1265 =( LENGTH_UNIT ( ) NAMED_UNIT ( * ) SI_UNIT ( .MILLI., .METRE. ) );
#1266 = MECHANICAL_DESIGN_GEOMETRIC_PRESENTATION_REPRESENTATION (  '', ( #1532 ), #2625 ) ;
#1267 = CONICAL_SURFACE ( 'NONE', #3093, 6.116265326383539568E-05, 0.0004062601226064389208 ) ;
#1268 = ORIENTED_EDGE ( 'NONE', *, *, #1538, .F. ) ;
#1269 = SURFACE_STYLE_FILL_AREA ( #1044 ) ;
#1270 = EDGE_CURVE ( 'NONE', #892, #449, #2452, .T. ) ;
#1271 = EDGE_LOOP ( 'NONE', ( #785, #422, #2967, #2252, #1416, #1102, #1424, #1580 ) ) ;
#1272 = LINE ( 'NONE', #546, #1907 ) ;
#1273 = LINE ( 'NONE', #1742, #1339 ) ;
#1274 = DIRECTION ( 'NONE',  ( 0.000000000000000000, 1.000000000000000000, 1.047444401652940007E-14 ) ) ;
#1275 = CARTESIAN_POINT ( 'NONE',  ( 1.000182817065209395, 1.299999999999996048, 0.3500000000000132450 ) ) ;
#1276 = ORIENTED_EDGE ( 'NONE', *, *, #2989, .T. ) ;
#1277 = FACE_OUTER_BOUND ( 'NONE', #3200, .T. ) ;
#1278 = FILL_AREA_STYLE ('',( #300 ) ) ;
#1279 =( NAMED_UNIT ( * ) PLANE_ANGLE_UNIT ( ) SI_UNIT ( $, .RADIAN. ) );
#1280 = EDGE_CURVE ( 'NONE', #1926, #1076, #1719, .T. ) ;
#1281 = VECTOR ( 'NONE', #2510, 1000.000000000000000 ) ;
#1282 = PRESENTATION_LAYER_ASSIGNMENT (  '', '', ( #2854 ) ) ;
#1283 = FILL_AREA_STYLE ('',( #769 ) ) ;
#1284 =( GEOMETRIC_REPRESENTATION_CONTEXT ( 3 ) GLOBAL_UNCERTAINTY_ASSIGNED_CONTEXT ( ( #1788 ) ) GLOBAL_UNIT_ASSIGNED_CONTEXT ( ( #2572, #1059, #2060 ) ) REPRESENTATION_CONTEXT ( 'NONE', 'WORKASPACE' ) );
#1285 = ORIENTED_EDGE ( 'NONE', *, *, #3079, .T. ) ;
#1286 = CARTESIAN_POINT ( 'NONE',  ( 0.4244468857771063752, 0.3499999999999961475, 0.3500000000000033085 ) ) ;
#1287 = DIRECTION ( 'NONE',  ( -1.000000000000000000, 0.000000000000000000, 0.000000000000000000 ) ) ;
#1288 = CIRCLE ( 'NONE', #1346, 0.2200000000000000011 ) ;
#1289 = CARTESIAN_POINT ( 'NONE',  ( 0.7747794863067134497, -0.3500000000000037526, 0.3499999999999959255 ) ) ;
#1290 = CARTESIAN_POINT ( 'NONE',  ( -1.499817182934785942, -0.9000000000000015765, 0.1499999999999913902 ) ) ;
#1291 = CIRCLE ( 'NONE', #2234, 0.8499999999999999778 ) ;
#1292 = CARTESIAN_POINT ( 'NONE',  ( 0.03018281706521075414, -1.309305502066176270E-14, 1.250000000000001110 ) ) ;
#1293 = COLOUR_RGB ( '',0.8509803921568627194, 0.8509803921568627194, 0.8509803921568627194 ) ;
#1294 = EDGE_CURVE ( 'NONE', #1254, #2611, #2957, .T. ) ;
#1295 = DIRECTION ( 'NONE',  ( 1.000000000000000000, 0.000000000000000000, 0.000000000000000000 ) ) ;
#1296 = DIRECTION ( 'NONE',  ( -1.000000000000000000, 0.000000000000000000, 0.000000000000000000 ) ) ;
#1297 = UNCERTAINTY_MEASURE_WITH_UNIT (LENGTH_MEASURE( 1.000000000000000082E-05 ), #360, 'distance_accuracy_value', 'NONE');
#1298 = ORIENTED_EDGE ( 'NONE', *, *, #1213, .F. ) ;
#1299 =( NAMED_UNIT ( * ) PLANE_ANGLE_UNIT ( ) SI_UNIT ( $, .RADIAN. ) );
#1300 = CARTESIAN_POINT ( 'NONE',  ( 0.3001828170652101613, -0.9539392014169497669, 0.3499999999999896527 ) ) ;
#1301 = UNCERTAINTY_MEASURE_WITH_UNIT (LENGTH_MEASURE( 1.000000000000000082E-05 ), #2665, 'distance_accuracy_value', 'NONE');
#1302 = ADVANCED_FACE ( 'NONE', ( #705 ), #1168, .T. ) ;
#1303 = EDGE_CURVE ( 'NONE', #1322, #2400, #1829, .T. ) ;
#1304 = DIRECTION ( 'NONE',  ( 1.000000000000000000, 0.000000000000000000, 0.000000000000000000 ) ) ;
#1305 = EDGE_LOOP ( 'NONE', ( #2947, #2045, #2094, #816 ) ) ;
#1306 = CARTESIAN_POINT ( 'NONE',  ( 0.3001828170652101613, -1.550000000000003819, 0.3499999999999834355 ) ) ;
#1307 = DIRECTION ( 'NONE',  ( 1.000000000000000000, 0.000000000000000000, 0.000000000000000000 ) ) ;
#1308 = EDGE_CURVE ( 'NONE', #677, #1064, #2496, .T. ) ;
#1309 = LINE ( 'NONE', #3032, #1528 ) ;
#1310 = PLANE ( 'NONE',  #451 ) ;
#1311 = ORIENTED_EDGE ( 'NONE', *, *, #1498, .F. ) ;
#1312 = CIRCLE ( 'NONE', #1722, 0.03000000000000000236 ) ;
#1313 = DIRECTION ( 'NONE',  ( 1.000000000000000000, 0.000000000000000000, 0.000000000000000000 ) ) ;
#1314 = ADVANCED_FACE ( 'NONE', ( #1046 ), #1802, .F. ) ;
#1315 = SURFACE_SIDE_STYLE ('',( #3080 ) ) ;
#1316 = PRESENTATION_LAYER_ASSIGNMENT (  '', '', ( #80 ) ) ;
#1317 = ORIENTED_EDGE ( 'NONE', *, *, #2415, .T. ) ;
#1318 = DIRECTION ( 'NONE',  ( 0.000000000000000000, 1.047444401652940007E-14, -1.000000000000000000 ) ) ;
#1319 = DIRECTION ( 'NONE',  ( 0.000000000000000000, 1.047444401652940007E-14, -1.000000000000000000 ) ) ;
#1320 = VECTOR ( 'NONE', #3217, 1000.000000000000227 ) ;
#1321 =( NAMED_UNIT ( * ) PLANE_ANGLE_UNIT ( ) SI_UNIT ( $, .RADIAN. ) );
#1322 = VERTEX_POINT ( 'NONE', #1242 ) ;
#1323 = SURFACE_SIDE_STYLE ('',( #550 ) ) ;
#1324 = COLOUR_RGB ( '',0.8509803921568627194, 0.8509803921568627194, 0.8509803921568627194 ) ;
#1325 = SURFACE_SIDE_STYLE ('',( #1798 ) ) ;
#1326 = COLOUR_RGB ( '',0.8431372549019607865, 0.8156862745098039102, 0.7529411764705882248 ) ;
#1327 =( LENGTH_UNIT ( ) NAMED_UNIT ( * ) SI_UNIT ( .MILLI., .METRE. ) );
#1328 = EDGE_CURVE ( 'NONE', #1412, #2035, #229, .T. ) ;
#1329 = UNCERTAINTY_MEASURE_WITH_UNIT (LENGTH_MEASURE( 1.000000000000000082E-05 ), #1066, 'distance_accuracy_value', 'NONE');
#1330 = VERTEX_POINT ( 'NONE', #56 ) ;
#1331 = FACE_OUTER_BOUND ( 'NONE', #21, .T. ) ;
#1332 = DIRECTION ( 'NONE',  ( 0.000000000000000000, 1.047444401652940007E-14, -1.000000000000000000 ) ) ;
#1333 = CARTESIAN_POINT ( 'NONE',  ( -4.318768448973789198, -0.2009885622606450983, -2.105243443361860554E-15 ) ) ;
#1334 = ORIENTED_EDGE ( 'NONE', *, *, #473, .T. ) ;
#1335 = CARTESIAN_POINT ( 'NONE',  ( 0.0001828170652154459397, -3.666055405785286079E-15, 0.3499999999999996447 ) ) ;
#1336 = EDGE_CURVE ( 'NONE', #1343, #895, #1057, .T. ) ;
#1337 = PRESENTATION_STYLE_ASSIGNMENT (( #354 ) ) ;
#1338 = CIRCLE ( 'NONE', #2748, 0.8499999999999999778 ) ;
#1339 = VECTOR ( 'NONE', #1251, 1000.000000000000000 ) ;
#1340 = MECHANICAL_DESIGN_GEOMETRIC_PRESENTATION_REPRESENTATION (  '', ( #1143 ), #2227 ) ;
#1341 = DIRECTION ( 'NONE',  ( -1.000000000000000000, 0.000000000000000000, 0.000000000000000000 ) ) ;
#1342 = CARTESIAN_POINT ( 'NONE',  ( -1.499817182934785942, 0.9000000000000000222, 9.426999614876460059E-15 ) ) ;
#1343 = VERTEX_POINT ( 'NONE', #2237 ) ;
#1344 = CARTESIAN_POINT ( 'NONE',  ( -0.2998171829347862083, 1.299999999999998268, 0.1500000000000144273 ) ) ;
#1345 = ORIENTED_EDGE ( 'NONE', *, *, #1280, .T. ) ;
#1346 = AXIS2_PLACEMENT_3D ( 'NONE', #2769, #2239, #506 ) ;
#1347 = CIRCLE ( 'NONE', #103, 0.03000000000000000236 ) ;
#1348 = CARTESIAN_POINT ( 'NONE',  ( 0.9301828170652087779, -1.309305502066176270E-14, 1.250000000000001110 ) ) ;
#1349 = EDGE_CURVE ( 'NONE', #1441, #1330, #2512, .T. ) ;
#1350 = COLOUR_RGB ( '',0.8509803921568627194, 0.8509803921568627194, 0.8509803921568627194 ) ;
#1351 = ORIENTED_EDGE ( 'NONE', *, *, #2895, .T. ) ;
#1352 = DIRECTION ( 'NONE',  ( 1.000000000000000000, 0.000000000000000000, 0.000000000000000000 ) ) ;
#1353 = CARTESIAN_POINT ( 'NONE',  ( -0.7744138521762894412, 0.3499999999999961475, 0.3500000000000033085 ) ) ;
#1354 = EDGE_CURVE ( 'NONE', #1198, #2782, #542, .T. ) ;
#1355 = VERTEX_POINT ( 'NONE', #2784 ) ;
#1356 =( NAMED_UNIT ( * ) SI_UNIT ( $, .STERADIAN. ) SOLID_ANGLE_UNIT ( ) );
#1357 = DIRECTION ( 'NONE',  ( 0.000000000000000000, 1.047444401652940007E-14, -1.000000000000000000 ) ) ;
#1358 = SURFACE_SIDE_STYLE ('',( #873 ) ) ;
#1359 = LINE ( 'NONE', #2602, #3054 ) ;
#1360 = MECHANICAL_DESIGN_GEOMETRIC_PRESENTATION_REPRESENTATION (  '', ( #2404 ), #1107 ) ;
#1361 = ORIENTED_EDGE ( 'NONE', *, *, #2358, .F. ) ;
#1362 = DIRECTION ( 'NONE',  ( 0.000000000000000000, 1.000000000000000000, 0.000000000000000000 ) ) ;
#1363 = DIRECTION ( 'NONE',  ( -1.000000000000000000, 0.000000000000000000, 0.000000000000000000 ) ) ;
#1364 = DIRECTION ( 'NONE',  ( 0.000000000000000000, 1.000000000000000000, 1.047444401652940007E-14 ) ) ;
#1365 = LINE ( 'NONE', #2383, #2476 ) ;
#1366 = UNCERTAINTY_MEASURE_WITH_UNIT (LENGTH_MEASURE( 1.000000000000000082E-05 ), #1461, 'distance_accuracy_value', 'NONE');
#1367 = EDGE_CURVE ( 'NONE', #485, #1648, #3009, .T. ) ;
#1368 = ORIENTED_EDGE ( 'NONE', *, *, #819, .F. ) ;
#1369 =( NAMED_UNIT ( * ) PLANE_ANGLE_UNIT ( ) SI_UNIT ( $, .RADIAN. ) );
#1370 = DIRECTION ( 'NONE',  ( 1.000000000000000000, 1.110223024625159992E-16, 1.162896891729818049E-30 ) ) ;
#1371 = VECTOR ( 'NONE', #187, 1000.000000000000000 ) ;
#1372 = FACE_OUTER_BOUND ( 'NONE', #2411, .T. ) ;
#1373 = ORIENTED_EDGE ( 'NONE', *, *, #1720, .T. ) ;
#1374 = VECTOR ( 'NONE', #557, 1000.000000000000000 ) ;
#1375 = DIRECTION ( 'NONE',  ( 0.000000000000000000, 1.047444401652940007E-14, -1.000000000000000000 ) ) ;
#1376 = DIRECTION ( 'NONE',  ( 1.000000000000000000, 0.000000000000000000, 0.000000000000000000 ) ) ;
#1377 = ORIENTED_EDGE ( 'NONE', *, *, #735, .T. ) ;
#1378 = SURFACE_STYLE_FILL_AREA ( #391 ) ;
#1379 = VECTOR ( 'NONE', #2050, 1000.000000000000114 ) ;
#1380 =( NAMED_UNIT ( * ) PLANE_ANGLE_UNIT ( ) SI_UNIT ( $, .RADIAN. ) );
#1381 = COLOUR_RGB ( '',0.9686274509803921573, 0.8784313725490195957, 0.5999999999999999778 ) ;
#1382 = SURFACE_STYLE_FILL_AREA ( #1111 ) ;
#1383 = FACE_OUTER_BOUND ( 'NONE', #747, .T. ) ;
#1384 = CARTESIAN_POINT ( 'NONE',  ( 0.0001828170652154673798, -0.1750000000000055678, 0.1699999999999981803 ) ) ;
#1385 = VECTOR ( 'NONE', #2657, 1000.000000000000000 ) ;
#1386 = ORIENTED_EDGE ( 'NONE', *, *, #3030, .F. ) ;
#1387 = SURFACE_SIDE_STYLE ('',( #2079 ) ) ;
#1388 = DIRECTION ( 'NONE',  ( 0.000000000000000000, -1.047444401652940007E-14, 1.000000000000000000 ) ) ;
#1389 =( NAMED_UNIT ( * ) PLANE_ANGLE_UNIT ( ) SI_UNIT ( $, .RADIAN. ) );
#1390 = ORIENTED_EDGE ( 'NONE', *, *, #2963, .T. ) ;
#1391 = DIRECTION ( 'NONE',  ( 0.000000000000000000, 1.000000000000000000, 1.047444401652940007E-14 ) ) ;
#1392 = ADVANCED_FACE ( 'NONE', ( #2543 ), #3202, .T. ) ;
#1393 = CARTESIAN_POINT ( 'NONE',  ( -0.9998171829347854977, -1.000000000000003775, 0.3499999999999891531 ) ) ;
#1394 = LINE ( 'NONE', #3085, #1651 ) ;
#1395 = ORIENTED_EDGE ( 'NONE', *, *, #2935, .T. ) ;
#1396 = CARTESIAN_POINT ( 'NONE',  ( -0.9998171829347854977, -1.000000000000000000, -1.047444401652940007E-14 ) ) ;
#1397 = PRESENTATION_LAYER_ASSIGNMENT (  '', '', ( #1601 ) ) ;
#1398 = DIRECTION ( 'NONE',  ( 0.000000000000000000, 1.047444401652940007E-14, -1.000000000000000000 ) ) ;
#1399 =( NAMED_UNIT ( * ) PLANE_ANGLE_UNIT ( ) SI_UNIT ( $, .RADIAN. ) );
#1400 = ADVANCED_FACE ( 'NONE', ( #1577 ), #628, .T. ) ;
#1401 = VECTOR ( 'NONE', #2718, 1000.000000000000000 ) ;
#1402 = VECTOR ( 'NONE', #47, 1000.000000000000000 ) ;
#1403 = UNCERTAINTY_MEASURE_WITH_UNIT (LENGTH_MEASURE( 1.000000000000000082E-05 ), #2807, 'distance_accuracy_value', 'NONE');
#1404 = VECTOR ( 'NONE', #1391, 1000.000000000000000 ) ;
#1405 =( GEOMETRIC_REPRESENTATION_CONTEXT ( 3 ) GLOBAL_UNCERTAINTY_ASSIGNED_CONTEXT ( ( #2287 ) ) GLOBAL_UNIT_ASSIGNED_CONTEXT ( ( #1861, #2106, #2862 ) ) REPRESENTATION_CONTEXT ( 'NONE', 'WORKASPACE' ) );
#1406 = ORIENTED_EDGE ( 'NONE', *, *, #481, .T. ) ;
#1407 = DIRECTION ( 'NONE',  ( 0.000000000000000000, 1.047444401652940007E-14, -1.000000000000000000 ) ) ;
#1408 = UNCERTAINTY_MEASURE_WITH_UNIT (LENGTH_MEASURE( 1.000000000000000082E-05 ), #2898, 'distance_accuracy_value', 'NONE');
#1409 = ORIENTED_EDGE ( 'NONE', *, *, #1161, .T. ) ;
#1410 =( NAMED_UNIT ( * ) SI_UNIT ( $, .STERADIAN. ) SOLID_ANGLE_UNIT ( ) );
#1411 = EDGE_CURVE ( 'NONE', #218, #2617, #2368, .T. ) ;
#1412 = VERTEX_POINT ( 'NONE', #3059 ) ;
#1413 = LINE ( 'NONE', #678, #2069 ) ;
#1414 = COLOUR_RGB ( '',0.9686274509803921573, 0.8784313725490195957, 0.5999999999999999778 ) ;
#1415 = SURFACE_SIDE_STYLE ('',( #436 ) ) ;
#1416 = ORIENTED_EDGE ( 'NONE', *, *, #2935, .F. ) ;
#1417 = PLANE ( 'NONE',  #1073 ) ;
#1418 = VERTEX_POINT ( 'NONE', #2062 ) ;
#1419 = FILL_AREA_STYLE ('',( #3156 ) ) ;
#1420 =( NAMED_UNIT ( * ) SI_UNIT ( $, .STERADIAN. ) SOLID_ANGLE_UNIT ( ) );
#1421 = STYLED_ITEM ( 'NONE', ( #690 ), #1260 ) ;
#1422 = MECHANICAL_DESIGN_GEOMETRIC_PRESENTATION_REPRESENTATION (  '', ( #2414 ), #3089 ) ;
#1423 = SURFACE_STYLE_USAGE ( .BOTH. , #1463 ) ;
#1424 = ORIENTED_EDGE ( 'NONE', *, *, #61, .F. ) ;
#1425 =( NAMED_UNIT ( * ) PLANE_ANGLE_UNIT ( ) SI_UNIT ( $, .RADIAN. ) );
#1426 = CARTESIAN_POINT ( 'NONE',  ( 0.0001828170652154459397, -1.780655482809997932E-15, 0.1700000000000000122 ) ) ;
#1427 = COLOUR_RGB ( '',0.8509803921568627194, 0.8509803921568627194, 0.8509803921568627194 ) ;
#1428 = VECTOR ( 'NONE', #1388, 1000.000000000000000 ) ;
#1429 = LINE ( 'NONE', #2696, #622 ) ;
#1430 = MECHANICAL_DESIGN_GEOMETRIC_PRESENTATION_REPRESENTATION (  '', ( #3206 ), #2779 ) ;
#1431 = AXIS2_PLACEMENT_3D ( 'NONE', #1951, #721, #1439 ) ;
#1432 = UNCERTAINTY_MEASURE_WITH_UNIT (LENGTH_MEASURE( 1.000000000000000082E-05 ), #2655, 'distance_accuracy_value', 'NONE');
#1433 = ORIENTED_EDGE ( 'NONE', *, *, #2828, .T. ) ;
#1434 = EDGE_LOOP ( 'NONE', ( #945, #1351, #351, #2671 ) ) ;
#1435 = PLANE ( 'NONE',  #926 ) ;
#1436 = AXIS2_PLACEMENT_3D ( 'NONE', #1056, #2013, #519 ) ;
#1437 = PRESENTATION_LAYER_ASSIGNMENT (  '', '', ( #2729 ) ) ;
#1438 = EDGE_CURVE ( 'NONE', #76, #2085, #835, .T. ) ;
#1439 = DIRECTION ( 'NONE',  ( 1.000000000000000000, 0.000000000000000000, 0.000000000000000000 ) ) ;
#1440 = FILL_AREA_STYLE ('',( #3208 ) ) ;
#1441 = VERTEX_POINT ( 'NONE', #1136 ) ;
#1442 = SURFACE_SIDE_STYLE ('',( #1216 ) ) ;
#1443 = LINE ( 'NONE', #1986, #2163 ) ;
#1444 =( NAMED_UNIT ( * ) SI_UNIT ( $, .STERADIAN. ) SOLID_ANGLE_UNIT ( ) );
#1445 = PRESENTATION_STYLE_ASSIGNMENT (( #1188 ) ) ;
#1446 = CIRCLE ( 'NONE', #1095, 1.000000000000000000 ) ;
#1447 = EDGE_CURVE ( 'NONE', #2734, #1926, #2627, .T. ) ;
#1448 = ADVANCED_FACE ( 'NONE', ( #2117 ), #284, .T. ) ;
#1449 = COLOUR_RGB ( '',0.8509803921568627194, 0.8509803921568627194, 0.8509803921568627194 ) ;
#1450 = FILL_AREA_STYLE ('',( #3139 ) ) ;
#1451 = VERTEX_POINT ( 'NONE', #811 ) ;
#1452 = MECHANICAL_DESIGN_GEOMETRIC_PRESENTATION_REPRESENTATION (  '', ( #2128 ), #983 ) ;
#1453 =( LENGTH_UNIT ( ) NAMED_UNIT ( * ) SI_UNIT ( .MILLI., .METRE. ) );
#1454 =( GEOMETRIC_REPRESENTATION_CONTEXT ( 3 ) GLOBAL_UNCERTAINTY_ASSIGNED_CONTEXT ( ( #2794 ) ) GLOBAL_UNIT_ASSIGNED_CONTEXT ( ( #937, #240, #448 ) ) REPRESENTATION_CONTEXT ( 'NONE', 'WORKASPACE' ) );
#1455 = EDGE_CURVE ( 'NONE', #2417, #1355, #3150, .T. ) ;
#1456 = PRESENTATION_LAYER_ASSIGNMENT (  '', '', ( #514 ) ) ;
#1457 = ORIENTED_EDGE ( 'NONE', *, *, #886, .T. ) ;
#1458 = SURFACE_SIDE_STYLE ('',( #1084 ) ) ;
#1459 = AXIS2_PLACEMENT_3D ( 'NONE', #1998, #1079, #55 ) ;
#1460 = DIRECTION ( 'NONE',  ( -1.000000000000000000, 0.000000000000000000, 0.000000000000000000 ) ) ;
#1461 =( LENGTH_UNIT ( ) NAMED_UNIT ( * ) SI_UNIT ( .MILLI., .METRE. ) );
#1462 = EDGE_CURVE ( 'NONE', #1193, #2373, #1312, .T. ) ;
#1463 = SURFACE_SIDE_STYLE ('',( #432 ) ) ;
#1464 = ORIENTED_EDGE ( 'NONE', *, *, #1177, .T. ) ;
#1465 = DIRECTION ( 'NONE',  ( 0.000000000000000000, 1.047444401652940007E-14, -1.000000000000000000 ) ) ;
#1466 = SURFACE_STYLE_FILL_AREA ( #1676 ) ;
#1467 = CARTESIAN_POINT ( 'NONE',  ( 1.500182817065209839, -0.9000000000000001332, -9.426999614876461637E-15 ) ) ;
#1468 = DIRECTION ( 'NONE',  ( -1.000000000000000000, -2.220446049250309876E-16, -2.325793783459625239E-30 ) ) ;
#1469 = VERTEX_POINT ( 'NONE', #1527 ) ;
#1470 = DIRECTION ( 'NONE',  ( 0.000000000000000000, 1.047444401652940007E-14, -1.000000000000000000 ) ) ;
#1471 = ORIENTED_EDGE ( 'NONE', *, *, #207, .T. ) ;
#1472 = LINE ( 'NONE', #250, #2594 ) ;
#1473 = FACE_OUTER_BOUND ( 'NONE', #3018, .T. ) ;
#1474 = ORIENTED_EDGE ( 'NONE', *, *, #1730, .F. ) ;
#1475 = CARTESIAN_POINT ( 'NONE',  ( -0.9998171829347785033, -0.4330127018922231286, -4.535567304416225724E-15 ) ) ;
#1476 = FILL_AREA_STYLE_COLOUR ( '', #924 ) ;
#1477 = SURFACE_STYLE_USAGE ( .BOTH. , #3211 ) ;
#1478 = CIRCLE ( 'NONE', #439, 0.0001828170652155417018 ) ;
#1479 = COLOUR_RGB ( '',0.8509803921568627194, 0.8509803921568627194, 0.8509803921568627194 ) ;
#1480 = DIRECTION ( 'NONE',  ( 1.000000000000000000, 0.000000000000000000, 0.000000000000000000 ) ) ;
#1481 = DIRECTION ( 'NONE',  ( 1.000000000000000000, 0.000000000000000000, 0.000000000000000000 ) ) ;
#1482 = CARTESIAN_POINT ( 'NONE',  ( 0.0001828170652154459397, -1.151612261509442446E-14, 1.099449536120598259 ) ) ;
#1483 = ORIENTED_EDGE ( 'NONE', *, *, #364, .T. ) ;
#1484 = DIRECTION ( 'NONE',  ( 1.000000000000000000, 0.000000000000000000, 0.000000000000000000 ) ) ;
#1485 = FILL_AREA_STYLE_COLOUR ( '', #1243 ) ;
#1486 =( NAMED_UNIT ( * ) SI_UNIT ( $, .STERADIAN. ) SOLID_ANGLE_UNIT ( ) );
#1487 = PRESENTATION_LAYER_ASSIGNMENT (  '', '', ( #34 ) ) ;
#1488 = ADVANCED_FACE ( 'NONE', ( #328 ), #2553, .T. ) ;
#1489 = SURFACE_STYLE_FILL_AREA ( #1196 ) ;
#1490 = PRESENTATION_STYLE_ASSIGNMENT (( #1999 ) ) ;
#1491 = MECHANICAL_DESIGN_GEOMETRIC_PRESENTATION_REPRESENTATION (  '', ( #2051 ), #1791 ) ;
#1492 = EDGE_LOOP ( 'NONE', ( #2658, #714, #2836, #2032 ) ) ;
#1493 = FILL_AREA_STYLE ('',( #28 ) ) ;
#1494 = DIRECTION ( 'NONE',  ( -1.000000000000000000, 0.000000000000000000, 0.000000000000000000 ) ) ;
#1495 = CARTESIAN_POINT ( 'NONE',  ( -0.9998171829347854977, 0.9999999999999961142, 0.3500000000000100808 ) ) ;
#1496 = CARTESIAN_POINT ( 'NONE',  ( -0.2998171829347862083, -0.9539392014169497669, 0.3499999999999896527 ) ) ;
#1497 = MECHANICAL_DESIGN_GEOMETRIC_PRESENTATION_REPRESENTATION (  '', ( #2433 ), #941 ) ;
#1498 = EDGE_CURVE ( 'NONE', #1648, #2750, #2294, .T. ) ;
#1499 = AXIS2_PLACEMENT_3D ( 'NONE', #2120, #1318, #2356 ) ;
#1500 = VERTEX_POINT ( 'NONE', #2260 ) ;
#1501 = CARTESIAN_POINT ( 'NONE',  ( -1.049817182934786874, 0.9000000000000000222, 9.426999614876460059E-15 ) ) ;
#1502 = VECTOR ( 'NONE', #2142, 1000.000000000000000 ) ;
#1503 = ORIENTED_EDGE ( 'NONE', *, *, #2029, .F. ) ;
#1504 = CARTESIAN_POINT ( 'NONE',  ( 1.300182817065210994, 0.9999999999999961142, 0.3500000000000100808 ) ) ;
#1505 = FILL_AREA_STYLE ('',( #2236 ) ) ;
#1506 = AXIS2_PLACEMENT_3D ( 'NONE', #704, #1227, #2166 ) ;
#1507 = VECTOR ( 'NONE', #3104, 1000.000000000000000 ) ;
#1508 = FILL_AREA_STYLE_COLOUR ( '', #1914 ) ;
#1509 = ORIENTED_EDGE ( 'NONE', *, *, #2298, .F. ) ;
#1510 = DIRECTION ( 'NONE',  ( 1.000000000000000000, 0.000000000000000000, 0.000000000000000000 ) ) ;
#1511 = CARTESIAN_POINT ( 'NONE',  ( 0.0001828170652154459397, -3.666055405785286079E-15, 0.3499999999999996447 ) ) ;
#1512 = PRESENTATION_LAYER_ASSIGNMENT (  '', '', ( #424 ) ) ;
#1513 = FILL_AREA_STYLE ('',( #1051 ) ) ;
#1514 = CARTESIAN_POINT ( 'NONE',  ( 1.000182817065209395, 0.9999999999999997780, 1.047444401652939691E-14 ) ) ;
#1515 = LINE ( 'NONE', #2044, #2000 ) ;
#1516 = AXIS2_PLACEMENT_3D ( 'NONE', #161, #147, #2087 ) ;
#1517 = EDGE_LOOP ( 'NONE', ( #1225, #2478 ) ) ;
#1518 = PRESENTATION_STYLE_ASSIGNMENT (( #993 ) ) ;
#1519 = DIRECTION ( 'NONE',  ( 0.000000000000000000, 1.000000000000000000, 1.047444401652940007E-14 ) ) ;
#1520 = FILL_AREA_STYLE ('',( #2800 ) ) ;
#1521 = SURFACE_SIDE_STYLE ('',( #3218 ) ) ;
#1522 = ORIENTED_EDGE ( 'NONE', *, *, #3153, .T. ) ;
#1523 = CARTESIAN_POINT ( 'NONE',  ( -0.9163323219259846830, -0.3500000000000047518, 0.4499999999999953482 ) ) ;
#1524 = FILL_AREA_STYLE_COLOUR ( '', #1414 ) ;
#1525 = DIRECTION ( 'NONE',  ( 0.000000000000000000, 1.000000000000000000, 1.047444401652940007E-14 ) ) ;
#1526 = ORIENTED_EDGE ( 'NONE', *, *, #1177, .F. ) ;
#1527 = CARTESIAN_POINT ( 'NONE',  ( -0.4240812516466893611, -0.3500000000000037526, 0.3499999999999959255 ) ) ;
#1528 = VECTOR ( 'NONE', #1569, 1000.000000000000000 ) ;
#1529 = FILL_AREA_STYLE ('',( #812 ) ) ;
#1530 =( NAMED_UNIT ( * ) PLANE_ANGLE_UNIT ( ) SI_UNIT ( $, .RADIAN. ) );
#1531 = PRESENTATION_STYLE_ASSIGNMENT (( #314 ) ) ;
#1532 = STYLED_ITEM ( 'NONE', ( #383 ), #1400 ) ;
#1533 = UNCERTAINTY_MEASURE_WITH_UNIT (LENGTH_MEASURE( 1.000000000000000082E-05 ), #3130, 'distance_accuracy_value', 'NONE');
#1534 = EDGE_LOOP ( 'NONE', ( #687, #1608, #410, #781, #1879, #1154, #1773, #2843, #156, #2919 ) ) ;
#1535 = MECHANICAL_DESIGN_GEOMETRIC_PRESENTATION_REPRESENTATION (  '', ( #701 ), #2372 ) ;
#1536 = LINE ( 'NONE', #3040, #1869 ) ;
#1537 = CARTESIAN_POINT ( 'NONE',  ( 0.0001828170652154459397, -8.379555213223505853E-15, 0.7999999999999986011 ) ) ;
#1538 = EDGE_CURVE ( 'NONE', #2782, #2088, #1309, .T. ) ;
#1539 = ORIENTED_EDGE ( 'NONE', *, *, #1967, .F. ) ;
#1540 = FACE_OUTER_BOUND ( 'NONE', #754, .T. ) ;
#1541 = LINE ( 'NONE', #772, #1827 ) ;
#1542 = DIRECTION ( 'NONE',  ( -1.000000000000000000, 0.000000000000000000, 0.000000000000000000 ) ) ;
#1543 = FILL_AREA_STYLE_COLOUR ( '', #2068 ) ;
#1544 = DIRECTION ( 'NONE',  ( 1.000000000000000000, 0.000000000000000000, 0.000000000000000000 ) ) ;
#1545 = EDGE_CURVE ( 'NONE', #2571, #2822, #1478, .T. ) ;
#1546 = ORIENTED_EDGE ( 'NONE', *, *, #207, .F. ) ;
#1547 = LINE ( 'NONE', #2751, #3219 ) ;
#1548 =( LENGTH_UNIT ( ) NAMED_UNIT ( * ) SI_UNIT ( .MILLI., .METRE. ) );
#1549 = EDGE_CURVE ( 'NONE', #1674, #2023, #1071, .T. ) ;
#1550 = EDGE_CURVE ( 'NONE', #1418, #723, #2093, .T. ) ;
#1551 = ORIENTED_EDGE ( 'NONE', *, *, #1447, .T. ) ;
#1552 = VECTOR ( 'NONE', #2952, 1000.000000000000000 ) ;
#1553 = DIRECTION ( 'NONE',  ( -1.000000000000000000, 0.000000000000000000, 0.000000000000000000 ) ) ;
#1554 = AXIS2_PLACEMENT_3D ( 'NONE', #1675, #2948, #2222 ) ;
#1555 = ORIENTED_EDGE ( 'NONE', *, *, #2912, .F. ) ;
#1556 = CARTESIAN_POINT ( 'NONE',  ( 1.000182817065209395, -7.541599691901152586E-15, 0.7199999999999984190 ) ) ;
#1557 = DIRECTION ( 'NONE',  ( 0.000000000000000000, 1.000000000000000000, 1.053224967557324468E-14 ) ) ;
#1558 = UNCERTAINTY_MEASURE_WITH_UNIT (LENGTH_MEASURE( 1.000000000000000082E-05 ), #1673, 'distance_accuracy_value', 'NONE');
#1559 = EDGE_LOOP ( 'NONE', ( #2975, #2283, #3164, #265 ) ) ;
#1560 = DIRECTION ( 'NONE',  ( 1.000000000000000000, 0.000000000000000000, 0.000000000000000000 ) ) ;
#1561 = UNCERTAINTY_MEASURE_WITH_UNIT (LENGTH_MEASURE( 1.000000000000000082E-05 ), #246, 'distance_accuracy_value', 'NONE');
#1562 = CIRCLE ( 'NONE', #1664, 0.2500000000000000000 ) ;
#1563 = FILL_AREA_STYLE ('',( #88 ) ) ;
#1564 = ORIENTED_EDGE ( 'NONE', *, *, #2877, .F. ) ;
#1565 = CARTESIAN_POINT ( 'NONE',  ( -0.2998171829347862083, -1.300000000000000266, -1.361677722148822166E-14 ) ) ;
#1566 = SURFACE_SIDE_STYLE ('',( #2339 ) ) ;
#1567 =( LENGTH_UNIT ( ) NAMED_UNIT ( * ) SI_UNIT ( .MILLI., .METRE. ) );
#1568 = PRESENTATION_STYLE_ASSIGNMENT (( #2809 ) ) ;
#1569 = DIRECTION ( 'NONE',  ( 0.000000000000000000, 1.047444401652940007E-14, -1.000000000000000000 ) ) ;
#1570 = DIRECTION ( 'NONE',  ( -1.000000000000000000, -2.220446049250309876E-16, -2.325793783459625239E-30 ) ) ;
#1571 = DIRECTION ( 'NONE',  ( 0.000000000000000000, 1.047444401652940007E-14, -1.000000000000000000 ) ) ;
#1572 = PRESENTATION_LAYER_ASSIGNMENT (  '', '', ( #955 ) ) ;
#1573 = VECTOR ( 'NONE', #2638, 1000.000000000000000 ) ;
#1574 = ORIENTED_EDGE ( 'NONE', *, *, #2792, .F. ) ;
#1575 = PRESENTATION_LAYER_ASSIGNMENT (  '', '', ( #2776 ) ) ;
#1576 = DIRECTION ( 'NONE',  ( 0.000000000000000000, -1.047444401652940007E-14, 1.000000000000000000 ) ) ;
#1577 = FACE_OUTER_BOUND ( 'NONE', #2366, .T. ) ;
#1578 = STYLED_ITEM ( 'NONE', ( #2703 ), #639 ) ;
#1579 =( GEOMETRIC_REPRESENTATION_CONTEXT ( 3 ) GLOBAL_UNCERTAINTY_ASSIGNED_CONTEXT ( ( #1561 ) ) GLOBAL_UNIT_ASSIGNED_CONTEXT ( ( #246, #743, #1724 ) ) REPRESENTATION_CONTEXT ( 'NONE', 'WORKASPACE' ) );
#1580 = ORIENTED_EDGE ( 'NONE', *, *, #2516, .T. ) ;
#1581 = AXIS2_PLACEMENT_3D ( 'NONE', #2818, #1855, #2374 ) ;
#1582 = CARTESIAN_POINT ( 'NONE',  ( 0.7747794863067134497, -0.3500000000000037526, 0.3499999999999959255 ) ) ;
#1583 = SURFACE_STYLE_USAGE ( .BOTH. , #648 ) ;
#1584 = DIRECTION ( 'NONE',  ( 1.000000000000000000, 0.000000000000000000, 0.000000000000000000 ) ) ;
#1585 = DIRECTION ( 'NONE',  ( 0.000000000000000000, 1.000000000000000000, 1.047444401652940007E-14 ) ) ;
#1586 = AXIS2_PLACEMENT_3D ( 'NONE', #116, #1825, #1585 ) ;
#1587 = DIRECTION ( 'NONE',  ( 1.000000000000000000, 0.000000000000000000, 0.000000000000000000 ) ) ;
#1588 = DIRECTION ( 'NONE',  ( 0.000000000000000000, 1.047444401652940007E-14, -1.000000000000000000 ) ) ;
#1589 = ORIENTED_EDGE ( 'NONE', *, *, #3148, .F. ) ;
#1590 = DIRECTION ( 'NONE',  ( 1.000000000000000000, 0.000000000000000000, 0.000000000000000000 ) ) ;
#1591 = AXIS2_PLACEMENT_3D ( 'NONE', #510, #989, #2223 ) ;
#1592 = FILL_AREA_STYLE_COLOUR ( '', #1427 ) ;
#1593 = UNCERTAINTY_MEASURE_WITH_UNIT (LENGTH_MEASURE( 1.000000000000000082E-05 ), #2284, 'distance_accuracy_value', 'NONE');
#1594 = EDGE_CURVE ( 'NONE', #1469, #471, #2743, .T. ) ;
#1595 = CARTESIAN_POINT ( 'NONE',  ( 0.9301828170652087779, -5.760944209091153470E-15, 0.5499999999999983791 ) ) ;
#1596 = ORIENTED_EDGE ( 'NONE', *, *, #2466, .F. ) ;
#1597 = LINE ( 'NONE', #2101, #1507 ) ;
#1598 =( NAMED_UNIT ( * ) PLANE_ANGLE_UNIT ( ) SI_UNIT ( $, .RADIAN. ) );
#1599 = VECTOR ( 'NONE', #3066, 1000.000000000000000 ) ;
#1600 = AXIS2_PLACEMENT_3D ( 'NONE', #1262, #1840, #1376 ) ;
#1601 = STYLED_ITEM ( 'NONE', ( #458 ), #3064 ) ;
#1602 = ORIENTED_EDGE ( 'NONE', *, *, #837, .F. ) ;
#1603 = LINE ( 'NONE', #2949, #2213 ) ;
#1604 = EDGE_CURVE ( 'NONE', #672, #3001, #3074, .T. ) ;
#1605 =( GEOMETRIC_REPRESENTATION_CONTEXT ( 3 ) GLOBAL_UNCERTAINTY_ASSIGNED_CONTEXT ( ( #848 ) ) GLOBAL_UNIT_ASSIGNED_CONTEXT ( ( #2712, #437, #2726 ) ) REPRESENTATION_CONTEXT ( 'NONE', 'WORKASPACE' ) );
#1606 = DIRECTION ( 'NONE',  ( 0.000000000000000000, 1.047444401652940007E-14, -1.000000000000000000 ) ) ;
#1607 = DIRECTION ( 'NONE',  ( 0.000000000000000000, 1.047444401652940007E-14, -1.000000000000000000 ) ) ;
#1608 = ORIENTED_EDGE ( 'NONE', *, *, #2, .F. ) ;
#1609 = LINE ( 'NONE', #2612, #1428 ) ;
#1610 = DIRECTION ( 'NONE',  ( -1.110223024625159992E-16, 1.000000000000000000, 1.047444401652940007E-14 ) ) ;
#1611 = COLOUR_RGB ( '',0.8509803921568627194, 0.8509803921568627194, 0.8509803921568627194 ) ;
#1612 = CARTESIAN_POINT ( 'NONE',  ( -1.049817182934786874, -0.9000000000000001332, -9.426999614876461637E-15 ) ) ;
#1613 = VERTEX_POINT ( 'NONE', #165 ) ;
#1614 = DIRECTION ( 'NONE',  ( 0.000000000000000000, 1.047444401652940007E-14, -1.000000000000000000 ) ) ;
#1615 = FILL_AREA_STYLE ('',( #1627 ) ) ;
#1616 = SURFACE_STYLE_FILL_AREA ( #2141 ) ;
#1617 = FILL_AREA_STYLE_COLOUR ( '', #2649 ) ;
#1618 = VERTEX_POINT ( 'NONE', #411 ) ;
#1619 =( NAMED_UNIT ( * ) SI_UNIT ( $, .STERADIAN. ) SOLID_ANGLE_UNIT ( ) );
#1620 = UNCERTAINTY_MEASURE_WITH_UNIT (LENGTH_MEASURE( 1.000000000000000082E-05 ), #904, 'distance_accuracy_value', 'NONE');
#1621 = EDGE_CURVE ( 'NONE', #654, #1165, #1671, .T. ) ;
#1622 = ORIENTED_EDGE ( 'NONE', *, *, #758, .T. ) ;
#1623 = DIRECTION ( 'NONE',  ( 0.000000000000000000, 1.047444401652940007E-14, -1.000000000000000000 ) ) ;
#1624 =( NAMED_UNIT ( * ) SI_UNIT ( $, .STERADIAN. ) SOLID_ANGLE_UNIT ( ) );
#1625 = AXIS2_PLACEMENT_3D ( 'NONE', #40, #1754, #1982 ) ;
#1626 = ORIENTED_EDGE ( 'NONE', *, *, #1186, .F. ) ;
#1627 = FILL_AREA_STYLE_COLOUR ( '', #601 ) ;
#1628 = STYLED_ITEM ( 'NONE', ( #217 ), #2123 ) ;
#1629 = PLANE ( 'NONE',  #1146 ) ;
#1630 = ORIENTED_EDGE ( 'NONE', *, *, #1549, .F. ) ;
#1631 = CARTESIAN_POINT ( 'NONE',  ( -1.299817182934787096, 0.9999999999999997780, 1.047444401652939691E-14 ) ) ;
#1632 = LINE ( 'NONE', #164, #1070 ) ;
#1633 = AXIS2_PLACEMENT_3D ( 'NONE', #2347, #2874, #653 ) ;
#1634 =( LENGTH_UNIT ( ) NAMED_UNIT ( * ) SI_UNIT ( .MILLI., .METRE. ) );
#1635 = CIRCLE ( 'NONE', #2474, 0.5500000000000000444 ) ;
#1636 = ORIENTED_EDGE ( 'NONE', *, *, #2135, .T. ) ;
#1637 = CARTESIAN_POINT ( 'NONE',  ( 0.3001828170652101613, 1.550000000000000044, 1.623538822562057010E-14 ) ) ;
#1638 = ADVANCED_FACE ( 'NONE', ( #2076 ), #602, .T. ) ;
#1639 = DIRECTION ( 'NONE',  ( 0.000000000000000000, 1.047444401652940007E-14, -1.000000000000000000 ) ) ;
#1640 = EDGE_LOOP ( 'NONE', ( #2524, #2216, #2932, #1311, #398, #554 ) ) ;
#1641 = DIRECTION ( 'NONE',  ( 0.000000000000000000, 1.047444401652940007E-14, -1.000000000000000000 ) ) ;
#1642 = ADVANCED_FACE ( 'NONE', ( #1844 ), #2042, .F. ) ;
#1643 = FACE_OUTER_BOUND ( 'NONE', #2868, .T. ) ;
#1644 = ADVANCED_FACE ( 'NONE', ( #878 ), #1129, .T. ) ;
#1645 = CARTESIAN_POINT ( 'NONE',  ( 0.0001828170652154459397, -7.332110811570572157E-15, 0.6999999999999992895 ) ) ;
#1646 = PRESENTATION_STYLE_ASSIGNMENT (( #209 ) ) ;
#1647 = CIRCLE ( 'NONE', #674, 1.000000000000000000 ) ;
#1648 = VERTEX_POINT ( 'NONE', #2425 ) ;
#1649 = CARTESIAN_POINT ( 'NONE',  ( 0.9301828170652087779, -5.760944209091153470E-15, 0.5499999999999983791 ) ) ;
#1650 = DIRECTION ( 'NONE',  ( 0.7071067811865489050, 7.575377539341809264E-15, -0.7071067811865460184 ) ) ;
#1651 = VECTOR ( 'NONE', #2393, 1000.000000000000000 ) ;
#1652 = VECTOR ( 'NONE', #1307, 1000.000000000000000 ) ;
#1653 = UNCERTAINTY_MEASURE_WITH_UNIT (LENGTH_MEASURE( 1.000000000000000082E-05 ), #1937, 'distance_accuracy_value', 'NONE');
#1654 = COLOUR_RGB ( '',0.9686274509803921573, 0.8784313725490195957, 0.5999999999999999778 ) ;
#1655 = AXIS2_PLACEMENT_3D ( 'NONE', #3145, #2820, #909 ) ;
#1656 = ORIENTED_EDGE ( 'NONE', *, *, #1941, .T. ) ;
#1657 = ORIENTED_EDGE ( 'NONE', *, *, #2839, .F. ) ;
#1658 = PRESENTATION_STYLE_ASSIGNMENT (( #703 ) ) ;
#1659 = SURFACE_STYLE_FILL_AREA ( #675 ) ;
#1660 = DIRECTION ( 'NONE',  ( 0.000000000000000000, 1.000000000000000000, 1.047444401652940007E-14 ) ) ;
#1661 = DIRECTION ( 'NONE',  ( 0.000000000000000000, 1.047444401652940007E-14, -1.000000000000000000 ) ) ;
#1662 = ORIENTED_EDGE ( 'NONE', *, *, #2005, .F. ) ;
#1663 = FILL_AREA_STYLE ('',( #1232 ) ) ;
#1664 = AXIS2_PLACEMENT_3D ( 'NONE', #2550, #3014, #1762 ) ;
#1665 = LINE ( 'NONE', #1956, #1552 ) ;
#1666 = ADVANCED_FACE ( 'NONE', ( #973 ), #468, .T. ) ;
#1667 = EDGE_CURVE ( 'NONE', #2617, #1970, #1429, .T. ) ;
#1668 = VERTEX_POINT ( 'NONE', #2443 ) ;
#1669 = VERTEX_POINT ( 'NONE', #741 ) ;
#1670 = PRESENTATION_STYLE_ASSIGNMENT (( #717 ) ) ;
#1671 = CIRCLE ( 'NONE', #1060, 0.8499999999999999778 ) ;
#1672 = DIRECTION ( 'NONE',  ( 1.000000000000000000, 0.000000000000000000, 0.000000000000000000 ) ) ;
#1673 =( LENGTH_UNIT ( ) NAMED_UNIT ( * ) SI_UNIT ( .MILLI., .METRE. ) );
#1674 = VERTEX_POINT ( 'NONE', #215 ) ;
#1675 = CARTESIAN_POINT ( 'NONE',  ( -4.318768448973789198, -0.2009885622606581712, 1.249999999999998890 ) ) ;
#1676 = FILL_AREA_STYLE ('',( #1476 ) ) ;
#1677 = VECTOR ( 'NONE', #2591, 1000.000000000000000 ) ;
#1678 = COLOUR_RGB ( '',0.9686274509803921573, 0.8784313725490195957, 0.5999999999999999778 ) ;
#1679 = VECTOR ( 'NONE', #3184, 1000.000000000000114 ) ;
#1680 = DIRECTION ( 'NONE',  ( 0.000000000000000000, 1.047444401652940007E-14, -1.000000000000000000 ) ) ;
#1681 = UNCERTAINTY_MEASURE_WITH_UNIT (LENGTH_MEASURE( 1.000000000000000082E-05 ), #230, 'distance_accuracy_value', 'NONE');
#1682 = ORIENTED_EDGE ( 'NONE', *, *, #2504, .T. ) ;
#1683 = APPLICATION_PROTOCOL_DEFINITION ( 'draft international standard', 'automotive_design', 1998, #793 ) ;
#1684 = CARTESIAN_POINT ( 'NONE',  ( 0.9301828170652087779, -1.309305502066176270E-14, 1.250000000000001110 ) ) ;
#1685 = ADVANCED_FACE ( 'NONE', ( #2473 ), #680, .T. ) ;
#1686 = PRESENTATION_LAYER_ASSIGNMENT (  '', '', ( #1734 ) ) ;
#1687 = ORIENTED_EDGE ( 'NONE', *, *, #1898, .F. ) ;
#1688 = CARTESIAN_POINT ( 'NONE',  ( -0.9163323219259846830, 0.3499999999999950928, 0.4500000000000026756 ) ) ;
#1689 = PRESENTATION_STYLE_ASSIGNMENT (( #1703 ) ) ;
#1690 = PRESENTATION_STYLE_ASSIGNMENT (( #907 ) ) ;
#1691 = ORIENTED_EDGE ( 'NONE', *, *, #575, .T. ) ;
#1692 =( LENGTH_UNIT ( ) NAMED_UNIT ( * ) SI_UNIT ( .MILLI., .METRE. ) );
#1693 = CYLINDRICAL_SURFACE ( 'NONE', #2395, 1.000000000000000000 ) ;
#1694 = VECTOR ( 'NONE', #3099, 1000.000000000000000 ) ;
#1695 = COLOUR_RGB ( '',0.7921568627450980005, 0.8196078431372548767, 0.9333333333333333481 ) ;
#1696 = LINE ( 'NONE', #470, #1993 ) ;
#1697 = ORIENTED_EDGE ( 'NONE', *, *, #971, .T. ) ;
#1698 = STYLED_ITEM ( 'NONE', ( #1708 ), #2369 ) ;
#1699 = FILL_AREA_STYLE ('',( #2714 ) ) ;
#1700 = ORIENTED_EDGE ( 'NONE', *, *, #146, .F. ) ;
#1701 = CARTESIAN_POINT ( 'NONE',  ( 0.4244468857771063752, 0.3499999999999950928, 0.4500000000000026756 ) ) ;
#1702 = CIRCLE ( 'NONE', #315, 0.3450000000000038036 ) ;
#1703 = SURFACE_STYLE_USAGE ( .BOTH. , #2420 ) ;
#1704 =( LENGTH_UNIT ( ) NAMED_UNIT ( * ) SI_UNIT ( .MILLI., .METRE. ) );
#1705 = EDGE_LOOP ( 'NONE', ( #463, #1163, #491, #3039 ) ) ;
#1706 = CARTESIAN_POINT ( 'NONE',  ( 0.9015706359312009033, 0.4330127018922231286, 4.535567304416225724E-15 ) ) ;
#1707 = ADVANCED_FACE ( 'NONE', ( #807, #2027 ), #1763, .T. ) ;
#1708 = PRESENTATION_STYLE_ASSIGNMENT (( #1477 ) ) ;
#1709 = CIRCLE ( 'NONE', #2962, 0.2999999999999999334 ) ;
#1710 = DIRECTION ( 'NONE',  ( 1.000000000000000000, 0.000000000000000000, 0.000000000000000000 ) ) ;
#1711 = VERTEX_POINT ( 'NONE', #1290 ) ;
#1712 = PRESENTATION_STYLE_ASSIGNMENT (( #963 ) ) ;
#1713 = EDGE_CURVE ( 'NONE', #1058, #1728, #2793, .T. ) ;
#1714 = ORIENTED_EDGE ( 'NONE', *, *, #1550, .F. ) ;
#1715 = DIRECTION ( 'NONE',  ( 1.000000000000000000, 0.000000000000000000, 0.000000000000000000 ) ) ;
#1716 = DIRECTION ( 'NONE',  ( 0.000000000000000000, -1.047444401652940007E-14, 1.000000000000000000 ) ) ;
#1717 = ORIENTED_EDGE ( 'NONE', *, *, #1887, .T. ) ;
#1718 = DIRECTION ( 'NONE',  ( 1.000000000000000000, 0.000000000000000000, 0.000000000000000000 ) ) ;
#1719 = CIRCLE ( 'NONE', #438, 0.9999999999999908962 ) ;
#1720 = EDGE_CURVE ( 'NONE', #654, #53, #1273, .T. ) ;
#1721 = LINE ( 'NONE', #2683, #2856 ) ;
#1722 = AXIS2_PLACEMENT_3D ( 'NONE', #2563, #2778, #533 ) ;
#1723 = AXIS2_PLACEMENT_3D ( 'NONE', #1612, #1852, #106 ) ;
#1724 =( NAMED_UNIT ( * ) SI_UNIT ( $, .STERADIAN. ) SOLID_ANGLE_UNIT ( ) );
#1725 = DIRECTION ( 'NONE',  ( 0.000000000000000000, 1.047444401652940007E-14, -1.000000000000000000 ) ) ;
#1726 = STYLED_ITEM ( 'NONE', ( #253 ), #1200 ) ;
#1727 = CARTESIAN_POINT ( 'NONE',  ( -0.4240812516466893611, -0.3500000000000037526, 0.3499999999999959255 ) ) ;
#1728 = VERTEX_POINT ( 'NONE', #325 ) ;
#1729 = CARTESIAN_POINT ( 'NONE',  ( 0.3001828170652101613, -0.6500000000000001332, -6.808388610744110832E-15 ) ) ;
#1730 = EDGE_CURVE ( 'NONE', #1176, #1152, #2275, .T. ) ;
#1731 = CARTESIAN_POINT ( 'NONE',  ( -0.9998171829347854977, -1.300000000000000266, -1.361677722148822166E-14 ) ) ;
#1732 = SURFACE_STYLE_FILL_AREA ( #751 ) ;
#1733 = EDGE_CURVE ( 'NONE', #2270, #1921, #276, .T. ) ;
#1734 = STYLED_ITEM ( 'NONE', ( #664 ), #125 ) ;
#1735 = DIRECTION ( 'NONE',  ( 0.000000000000000000, 1.047444401652940007E-14, -1.000000000000000000 ) ) ;
#1736 =( GEOMETRIC_REPRESENTATION_CONTEXT ( 3 ) GLOBAL_UNCERTAINTY_ASSIGNED_CONTEXT ( ( #167 ) ) GLOBAL_UNIT_ASSIGNED_CONTEXT ( ( #2525, #20, #1003 ) ) REPRESENTATION_CONTEXT ( 'NONE', 'WORKASPACE' ) );
#1737 = VECTOR ( 'NONE', #1715, 1000.000000000000000 ) ;
#1738 = EDGE_LOOP ( 'NONE', ( #1784, #1546 ) ) ;
#1739 =( LENGTH_UNIT ( ) NAMED_UNIT ( * ) SI_UNIT ( .MILLI., .METRE. ) );
#1740 = ADVANCED_FACE ( 'NONE', ( #2502 ), #1989, .T. ) ;
#1741 = CARTESIAN_POINT ( 'NONE',  ( 0.0001828170652154459397, -3.666055405785286079E-15, 0.3499999999999996447 ) ) ;
#1742 = CARTESIAN_POINT ( 'NONE',  ( -0.8498171829347880291, 0.000000000000000000, 0.000000000000000000 ) ) ;
#1743 = DIRECTION ( 'NONE',  ( 0.000000000000000000, 1.047444401652940007E-14, -1.000000000000000000 ) ) ;
#1744 = AXIS2_PLACEMENT_3D ( 'NONE', #1233, #3221, #1718 ) ;
#1745 = DIRECTION ( 'NONE',  ( 0.000000000000000000, 1.047444401652940007E-14, -1.000000000000000000 ) ) ;
#1746 = SURFACE_STYLE_USAGE ( .BOTH. , #2245 ) ;
#1747 = ORIENTED_EDGE ( 'NONE', *, *, #1769, .F. ) ;
#1748 = COLOUR_RGB ( '',0.9686274509803921573, 0.8784313725490195957, 0.5999999999999999778 ) ;
#1749 =( GEOMETRIC_REPRESENTATION_CONTEXT ( 3 ) GLOBAL_UNCERTAINTY_ASSIGNED_CONTEXT ( ( #1408 ) ) GLOBAL_UNIT_ASSIGNED_CONTEXT ( ( #2898, #1226, #2659 ) ) REPRESENTATION_CONTEXT ( 'NONE', 'WORKASPACE' ) );
#1750 = ORIENTED_EDGE ( 'NONE', *, *, #1119, .T. ) ;
#1751 = SURFACE_STYLE_FILL_AREA ( #1964 ) ;
#1752 = AXIS2_PLACEMENT_3D ( 'NONE', #2678, #1661, #2931 ) ;
#1753 = CARTESIAN_POINT ( 'NONE',  ( -4.318768448973789198, -0.2009885622606450983, -2.105243443361860554E-15 ) ) ;
#1754 = DIRECTION ( 'NONE',  ( 0.000000000000000000, 1.047444401652940007E-14, -1.000000000000000000 ) ) ;
#1755 = CIRCLE ( 'NONE', #1807, 0.8499999999999999778 ) ;
#1756 =( GEOMETRIC_REPRESENTATION_CONTEXT ( 3 ) GLOBAL_UNCERTAINTY_ASSIGNED_CONTEXT ( ( #366 ) ) GLOBAL_UNIT_ASSIGNED_CONTEXT ( ( #1181, #2183, #222 ) ) REPRESENTATION_CONTEXT ( 'NONE', 'WORKASPACE' ) );
#1757 = PLANE ( 'NONE',  #1006 ) ;
#1758 = ORIENTED_EDGE ( 'NONE', *, *, #987, .T. ) ;
#1759 = LINE ( 'NONE', #1286, #2341 ) ;
#1760 = SURFACE_STYLE_FILL_AREA ( #2037 ) ;
#1761 = AXIS2_PLACEMENT_3D ( 'NONE', #3078, #1407, #2894 ) ;
#1762 = DIRECTION ( 'NONE',  ( 1.000000000000000000, 0.000000000000000000, 0.000000000000000000 ) ) ;
#1763 = PLANE ( 'NONE',  #2903 ) ;
#1764 = CARTESIAN_POINT ( 'NONE',  ( 0.0001828170652154459397, -1.309305502066176270E-14, 1.250000000000001110 ) ) ;
#1765 = STYLED_ITEM ( 'NONE', ( #2549 ), #263 ) ;
#1766 = SURFACE_SIDE_STYLE ('',( #778 ) ) ;
#1767 = CARTESIAN_POINT ( 'NONE',  ( -1.499817182934785942, -0.9000000000000001332, -9.426999614876461637E-15 ) ) ;
#1768 = LINE ( 'NONE', #295, #349 ) ;
#1769 = EDGE_CURVE ( 'NONE', #2384, #2196, #2441, .T. ) ;
#1770 = ORIENTED_EDGE ( 'NONE', *, *, #2399, .T. ) ;
#1771 = PLANE ( 'NONE',  #214 ) ;
#1772 = DIRECTION ( 'NONE',  ( 0.000000000000000000, -1.047444401652940007E-14, 1.000000000000000000 ) ) ;
#1773 = ORIENTED_EDGE ( 'NONE', *, *, #401, .F. ) ;
#1774 = SURFACE_STYLE_FILL_AREA ( #1493 ) ;
#1775 = FACE_OUTER_BOUND ( 'NONE', #965, .T. ) ;
#1776 = SURFACE_SIDE_STYLE ('',( #2518 ) ) ;
#1777 = FILL_AREA_STYLE ('',( #1543 ) ) ;
#1778 = EDGE_CURVE ( 'NONE', #2035, #2417, #3118, .T. ) ;
#1779 = VECTOR ( 'NONE', #540, 1000.000000000000000 ) ;
#1780 =( LENGTH_UNIT ( ) NAMED_UNIT ( * ) SI_UNIT ( .MILLI., .METRE. ) );
#1781 = STYLED_ITEM ( 'NONE', ( #2397 ), #1642 ) ;
#1782 = STYLED_ITEM ( 'NONE', ( #783 ), #1392 ) ;
#1783 = UNCERTAINTY_MEASURE_WITH_UNIT (LENGTH_MEASURE( 1.000000000000000082E-05 ), #2601, 'distance_accuracy_value', 'NONE');
#1784 = ORIENTED_EDGE ( 'NONE', *, *, #2135, .F. ) ;
#1785 = VECTOR ( 'NONE', #1544, 1000.000000000000000 ) ;
#1786 = DIRECTION ( 'NONE',  ( -1.000000000000000000, 0.000000000000000000, 0.000000000000000000 ) ) ;
#1787 = EDGE_CURVE ( 'NONE', #2559, #953, #1359, .T. ) ;
#1788 = UNCERTAINTY_MEASURE_WITH_UNIT (LENGTH_MEASURE( 1.000000000000000082E-05 ), #2572, 'distance_accuracy_value', 'NONE');
#1789 = ORIENTED_EDGE ( 'NONE', *, *, #935, .F. ) ;
#1790 = CARTESIAN_POINT ( 'NONE',  ( 1.300182817065210994, -1.300000000000000266, -1.361677722148822166E-14 ) ) ;
#1791 =( GEOMETRIC_REPRESENTATION_CONTEXT ( 3 ) GLOBAL_UNCERTAINTY_ASSIGNED_CONTEXT ( ( #815 ) ) GLOBAL_UNIT_ASSIGNED_CONTEXT ( ( #792, #2747, #2538 ) ) REPRESENTATION_CONTEXT ( 'NONE', 'WORKASPACE' ) );
#1792 = SURFACE_STYLE_FILL_AREA ( #806 ) ;
#1793 = DIRECTION ( 'NONE',  ( 0.000000000000000000, 1.047444401652940007E-14, -1.000000000000000000 ) ) ;
#1794 = ADVANCED_FACE ( 'NONE', ( #112 ), #1629, .T. ) ;
#1795 = VERTEX_POINT ( 'NONE', #579 ) ;
#1796 = LINE ( 'NONE', #2552, #1402 ) ;
#1797 = CARTESIAN_POINT ( 'NONE',  ( 0.0001828170652154459397, -6.598899730413507526E-15, 0.6299999999999985612 ) ) ;
#1798 = SURFACE_STYLE_FILL_AREA ( #1529 ) ;
#1799 = LINE ( 'NONE', #2830, #2428 ) ;
#1800 = ORIENTED_EDGE ( 'NONE', *, *, #3187, .F. ) ;
#1801 = DIRECTION ( 'NONE',  ( 0.000000000000000000, 1.047444401652940007E-14, -1.000000000000000000 ) ) ;
#1802 = PLANE ( 'NONE',  #1625 ) ;
#1803 = PRESENTATION_LAYER_ASSIGNMENT (  '', '', ( #2124 ) ) ;
#1804 = DIRECTION ( 'NONE',  ( 1.000000000000000000, 0.000000000000000000, 0.000000000000000000 ) ) ;
#1805 = STYLED_ITEM ( 'NONE', ( #1195 ), #403 ) ;
#1806 = ORIENTED_EDGE ( 'NONE', *, *, #2877, .T. ) ;
#1807 = AXIS2_PLACEMENT_3D ( 'NONE', #2503, #1743, #66 ) ;
#1808 = FACE_OUTER_BOUND ( 'NONE', #404, .T. ) ;
#1809 = CONICAL_SURFACE ( 'NONE', #313, 0.9300000000000000488, 0.7853981633974490562 ) ;
#1810 = PLANE ( 'NONE',  #2288 ) ;
#1811 = DIRECTION ( 'NONE',  ( -1.000000000000000000, 0.000000000000000000, 0.000000000000000000 ) ) ;
#1812 =( LENGTH_UNIT ( ) NAMED_UNIT ( * ) SI_UNIT ( .MILLI., .METRE. ) );
#1813 = SURFACE_STYLE_USAGE ( .BOTH. , #830 ) ;
#1814 = ORIENTED_EDGE ( 'NONE', *, *, #2328, .F. ) ;
#1815 =( LENGTH_UNIT ( ) NAMED_UNIT ( * ) SI_UNIT ( .MILLI., .METRE. ) );
#1816 = FACE_OUTER_BOUND ( 'NONE', #2765, .T. ) ;
#1817 = SURFACE_STYLE_USAGE ( .BOTH. , #1118 ) ;
#1818 = ADVANCED_FACE ( 'NONE', ( #1157 ), #634, .T. ) ;
#1819 = VECTOR ( 'NONE', #1017, 1000.000000000000000 ) ;
#1820 = CARTESIAN_POINT ( 'NONE',  ( 1.300182817065210994, 0.8999999999999984679, 0.1500000000000102640 ) ) ;
#1821 = ORIENTED_EDGE ( 'NONE', *, *, #532, .T. ) ;
#1822 = CARTESIAN_POINT ( 'NONE',  ( -0.9163323219259846830, 0.3499999999999950928, 0.4500000000000026756 ) ) ;
#1823 = CYLINDRICAL_SURFACE ( 'NONE', #31, 1.000000000000000000 ) ;
#1824 = FILL_AREA_STYLE ('',( #148 ) ) ;
#1825 = DIRECTION ( 'NONE',  ( 0.000000000000000000, 1.047444401652940007E-14, -1.000000000000000000 ) ) ;
#1826 = EDGE_CURVE ( 'NONE', #2143, #218, #1394, .T. ) ;
#1827 = VECTOR ( 'NONE', #2004, 1000.000000000000000 ) ;
#1828 = EDGE_CURVE ( 'NONE', #1019, #1441, #1089, .T. ) ;
#1829 = CIRCLE ( 'NONE', #2969, 0.2500000000000000000 ) ;
#1830 = ORIENTED_EDGE ( 'NONE', *, *, #493, .T. ) ;
#1831 = DIRECTION ( 'NONE',  ( 0.000000000000000000, -1.047444401652940007E-14, 1.000000000000000000 ) ) ;
#1832 =( LENGTH_UNIT ( ) NAMED_UNIT ( * ) SI_UNIT ( .MILLI., .METRE. ) );
#1833 = STYLED_ITEM ( 'NONE', ( #2065 ), #2107 ) ;
#1834 = CIRCLE ( 'NONE', #2676, 0.2999999999999999334 ) ;
#1835 = CIRCLE ( 'NONE', #29, 0.5500000000000000444 ) ;
#1836 = ORIENTED_EDGE ( 'NONE', *, *, #623, .T. ) ;
#1837 = DIRECTION ( 'NONE',  ( 0.000000000000000000, 1.000000000000000000, 1.053224967557324468E-14 ) ) ;
#1838 = AXIS2_PLACEMENT_3D ( 'NONE', #111, #2437, #967 ) ;
#1839 = SURFACE_SIDE_STYLE ('',( #1616 ) ) ;
#1840 = DIRECTION ( 'NONE',  ( 0.000000000000000000, 1.047444401652940007E-14, -1.000000000000000000 ) ) ;
#1841 = ORIENTED_EDGE ( 'NONE', *, *, #836, .T. ) ;
#1842 = SURFACE_SIDE_STYLE ('',( #1378 ) ) ;
#1843 = ORIENTED_EDGE ( 'NONE', *, *, #1932, .F. ) ;
#1844 = FACE_OUTER_BOUND ( 'NONE', #3140, .T. ) ;
#1845 = PRESENTATION_LAYER_ASSIGNMENT (  '', '', ( #406 ) ) ;
#1846 = PRESENTATION_LAYER_ASSIGNMENT (  '', '', ( #1726 ) ) ;
#1847 = SURFACE_SIDE_STYLE ('',( #2331 ) ) ;
#1848 = UNCERTAINTY_MEASURE_WITH_UNIT (LENGTH_MEASURE( 1.000000000000000082E-05 ), #109, 'distance_accuracy_value', 'NONE');
#1849 = EDGE_LOOP ( 'NONE', ( #2439, #1121, #1806, #419 ) ) ;
#1850 = CARTESIAN_POINT ( 'NONE',  ( -0.9998171829347785033, -0.9000000000000000222, -9.426999614876460059E-15 ) ) ;
#1851 = UNCERTAINTY_MEASURE_WITH_UNIT (LENGTH_MEASURE( 1.000000000000000082E-05 ), #659, 'distance_accuracy_value', 'NONE');
#1852 = DIRECTION ( 'NONE',  ( 0.000000000000000000, -1.000000000000000000, -1.047444401652940007E-14 ) ) ;
#1853 = ORIENTED_EDGE ( 'NONE', *, *, #1594, .F. ) ;
#1854 = DIRECTION ( 'NONE',  ( -1.000000000000000000, 0.000000000000000000, 0.000000000000000000 ) ) ;
#1855 = DIRECTION ( 'NONE',  ( 0.000000000000000000, 1.047444401652940007E-14, -1.000000000000000000 ) ) ;
#1856 = AXIS2_PLACEMENT_3D ( 'NONE', #381, #1801, #1590 ) ;
#1857 =( GEOMETRIC_REPRESENTATION_CONTEXT ( 3 ) GLOBAL_UNCERTAINTY_ASSIGNED_CONTEXT ( ( #171 ) ) GLOBAL_UNIT_ASSIGNED_CONTEXT ( ( #641, #605, #3115 ) ) REPRESENTATION_CONTEXT ( 'NONE', 'WORKASPACE' ) );
#1858 = SURFACE_STYLE_USAGE ( .BOTH. , #1839 ) ;
#1859 = CARTESIAN_POINT ( 'NONE',  ( -1.299817182934787096, 1.299999999999999822, 1.361677722148821851E-14 ) ) ;
#1860 = ORIENTED_EDGE ( 'NONE', *, *, #273, .T. ) ;
#1861 =( LENGTH_UNIT ( ) NAMED_UNIT ( * ) SI_UNIT ( .MILLI., .METRE. ) );
#1862 = MECHANICAL_DESIGN_GEOMETRIC_PRESENTATION_REPRESENTATION (  '', ( #514 ), #1605 ) ;
#1863 = FILL_AREA_STYLE ('',( #3177 ) ) ;
#1864 = AXIS2_PLACEMENT_3D ( 'NONE', #2469, #661, #1716 ) ;
#1865 = ADVANCED_FACE ( 'NONE', ( #822, #1808 ), #2071, .F. ) ;
#1866 = CIRCLE ( 'NONE', #569, 1.000000000000000000 ) ;
#1867 = FILL_AREA_STYLE ('',( #2109 ) ) ;
#1868 = CARTESIAN_POINT ( 'NONE',  ( 0.0001828170652154459397, -4.713499807438219774E-15, 0.4499999999999990119 ) ) ;
#1869 = VECTOR ( 'NONE', #318, 1000.000000000000000 ) ;
#1870 = FACE_OUTER_BOUND ( 'NONE', #175, .T. ) ;
#1871 = EDGE_CURVE ( 'NONE', #762, #2785, #1170, .T. ) ;
#1872 = EDGE_CURVE ( 'NONE', #1935, #2925, #365, .T. ) ;
#1873 = EDGE_LOOP ( 'NONE', ( #1700, #685, #3193, #433 ) ) ;
#1874 = SURFACE_STYLE_FILL_AREA ( #122 ) ;
#1875 = CARTESIAN_POINT ( 'NONE',  ( 0.0001828170652154459397, 0.000000000000000000, 0.000000000000000000 ) ) ;
#1876 = CARTESIAN_POINT ( 'NONE',  ( -4.318768448973789198, -0.4330127018922231286, -4.535567304416225724E-15 ) ) ;
#1877 = EDGE_CURVE ( 'NONE', #723, #1418, #2445, .T. ) ;
#1878 =( LENGTH_UNIT ( ) NAMED_UNIT ( * ) SI_UNIT ( .MILLI., .METRE. ) );
#1879 = ORIENTED_EDGE ( 'NONE', *, *, #1349, .F. ) ;
#1880 = DIRECTION ( 'NONE',  ( -1.000000000000000000, -1.110223024625159992E-16, -1.162896891729818049E-30 ) ) ;
#1881 = MECHANICAL_DESIGN_GEOMETRIC_PRESENTATION_REPRESENTATION (  '', ( #944 ), #326 ) ;
#1882 = FACE_OUTER_BOUND ( 'NONE', #1492, .T. ) ;
#1883 = ORIENTED_EDGE ( 'NONE', *, *, #2172, .F. ) ;
#1884 = DIRECTION ( 'NONE',  ( 1.000000000000000000, 0.000000000000000000, 0.000000000000000000 ) ) ;
#1885 = CARTESIAN_POINT ( 'NONE',  ( -4.318768448973789198, -0.2009885622606487343, 0.3499999999999974798 ) ) ;
#1886 = PRESENTATION_STYLE_ASSIGNMENT (( #898 ) ) ;
#1887 = EDGE_CURVE ( 'NONE', #1674, #795, #2188, .T. ) ;
#1888 = DIRECTION ( 'NONE',  ( 0.000000000000000000, 1.047444401652940007E-14, -1.000000000000000000 ) ) ;
#1889 = UNCERTAINTY_MEASURE_WITH_UNIT (LENGTH_MEASURE( 1.000000000000000082E-05 ), #2536, 'distance_accuracy_value', 'NONE');
#1890 = ORIENTED_EDGE ( 'NONE', *, *, #1354, .F. ) ;
#1891 = COLOUR_RGB ( '',0.8431372549019607865, 0.8156862745098039102, 0.7529411764705882248 ) ;
#1892 = EDGE_LOOP ( 'NONE', ( #927, #888, #1883, #2448 ) ) ;
#1893 = AXIS2_PLACEMENT_3D ( 'NONE', #2212, #496, #1710 ) ;
#1894 = FILL_AREA_STYLE ('',( #2918 ) ) ;
#1895 = ORIENTED_EDGE ( 'NONE', *, *, #1214, .F. ) ;
#1896 =( NAMED_UNIT ( * ) PLANE_ANGLE_UNIT ( ) SI_UNIT ( $, .RADIAN. ) );
#1897 = CARTESIAN_POINT ( 'NONE',  ( 1.300182817065210994, -0.9000000000000015765, 0.1499999999999913902 ) ) ;
#1898 = EDGE_CURVE ( 'NONE', #1613, #1674, #3143, .T. ) ;
#1899 =( NAMED_UNIT ( * ) SI_UNIT ( $, .STERADIAN. ) SOLID_ANGLE_UNIT ( ) );
#1900 = TOROIDAL_SURFACE ( 'NONE', #1586, 0.3450000000000038036, 0.1700000000000000122 ) ;
#1901 = CIRCLE ( 'NONE', #495, 1.000000000000000000 ) ;
#1902 = CONICAL_SURFACE ( 'NONE', #1838, 1.000000000000000000, 0.7853981633974476129 ) ;
#1903 = ORIENTED_EDGE ( 'NONE', *, *, #2380, .F. ) ;
#1904 = CARTESIAN_POINT ( 'NONE',  ( 1.000182817065209395, -1.000000000000003775, 0.3499999999999891531 ) ) ;
#1905 = EDGE_LOOP ( 'NONE', ( #141, #2193 ) ) ;
#1906 = CARTESIAN_POINT ( 'NONE',  ( -0.2998171829347862083, 1.550000000000000044, 1.623538822562057010E-14 ) ) ;
#1907 = VECTOR ( 'NONE', #2991, 1000.000000000000000 ) ;
#1908 = VERTEX_POINT ( 'NONE', #478 ) ;
#1909 = FILL_AREA_STYLE ('',( #922 ) ) ;
#1910 = PRESENTATION_LAYER_ASSIGNMENT (  '', '', ( #2229 ) ) ;
#1911 =( GEOMETRIC_REPRESENTATION_CONTEXT ( 3 ) GLOBAL_UNCERTAINTY_ASSIGNED_CONTEXT ( ( #1851 ) ) GLOBAL_UNIT_ASSIGNED_CONTEXT ( ( #659, #221, #1948 ) ) REPRESENTATION_CONTEXT ( 'NONE', 'WORKASPACE' ) );
#1912 = CARTESIAN_POINT ( 'NONE',  ( -4.318768448973789198, -0.2009885622606450983, -2.105243443361860554E-15 ) ) ;
#1913 = CARTESIAN_POINT ( 'NONE',  ( -0.2998171829348070250, -0.2009885622607147926, -2.105243443362591040E-15 ) ) ;
#1914 = COLOUR_RGB ( '',0.8431372549019607865, 0.8156862745098039102, 0.7529411764705882248 ) ;
#1915 = STYLED_ITEM ( 'NONE', ( #2272 ), #309 ) ;
#1916 = UNCERTAINTY_MEASURE_WITH_UNIT (LENGTH_MEASURE( 1.000000000000000082E-05 ), #1929, 'distance_accuracy_value', 'NONE');
#1917 = VECTOR ( 'NONE', #1048, 1000.000000000000000 ) ;
#1918 = ORIENTED_EDGE ( 'NONE', *, *, #1932, .T. ) ;
#1919 = SURFACE_SIDE_STYLE ('',( #3201 ) ) ;
#1920 = AXIS2_PLACEMENT_3D ( 'NONE', #157, #1831, #3100 ) ;
#1921 = VERTEX_POINT ( 'NONE', #2167 ) ;
#1922 =( NAMED_UNIT ( * ) SI_UNIT ( $, .STERADIAN. ) SOLID_ANGLE_UNIT ( ) );
#1923 = EDGE_CURVE ( 'NONE', #795, #820, #2945, .T. ) ;
#1924 = DIRECTION ( 'NONE',  ( 0.000000000000000000, 1.047444401652940007E-14, -1.000000000000000000 ) ) ;
#1925 = DIRECTION ( 'NONE',  ( 0.000000000000000000, -1.047444401652940007E-14, 1.000000000000000000 ) ) ;
#1926 = VERTEX_POINT ( 'NONE', #920 ) ;
#1927 =( NAMED_UNIT ( * ) SI_UNIT ( $, .STERADIAN. ) SOLID_ANGLE_UNIT ( ) );
#1928 = DIRECTION ( 'NONE',  ( 0.000000000000000000, 1.000000000000000000, 1.047444401652940007E-14 ) ) ;
#1929 =( LENGTH_UNIT ( ) NAMED_UNIT ( * ) SI_UNIT ( .MILLI., .METRE. ) );
#1930 = LINE ( 'NONE', #2910, #2796 ) ;
#1931 = ADVANCED_FACE ( 'NONE', ( #692 ), #2663, .T. ) ;
#1932 = EDGE_CURVE ( 'NONE', #2317, #712, #2017, .T. ) ;
#1933 = EDGE_LOOP ( 'NONE', ( #1373, #1770, #2582, #2240, #2152, #3098, #635, #231 ) ) ;
#1934 = CARTESIAN_POINT ( 'NONE',  ( -0.9998171829347854977, -5.027733127934125127E-15, 0.4800000000000012590 ) ) ;
#1935 = VERTEX_POINT ( 'NONE', #302 ) ;
#1936 = DIRECTION ( 'NONE',  ( 1.000000000000000000, 0.000000000000000000, 0.000000000000000000 ) ) ;
#1937 =( LENGTH_UNIT ( ) NAMED_UNIT ( * ) SI_UNIT ( .MILLI., .METRE. ) );
#1938 = FACE_OUTER_BOUND ( 'NONE', #2702, .T. ) ;
#1939 = AXIS2_PLACEMENT_3D ( 'NONE', #1514, #761, #1295 ) ;
#1940 = CARTESIAN_POINT ( 'NONE',  ( 1.000182817065209395, 1.299999999999999822, 1.361677722148821851E-14 ) ) ;
#1941 = EDGE_CURVE ( 'NONE', #545, #53, #461, .T. ) ;
#1942 = ORIENTED_EDGE ( 'NONE', *, *, #2353, .F. ) ;
#1943 = SURFACE_STYLE_FILL_AREA ( #1909 ) ;
#1944 =( GEOMETRIC_REPRESENTATION_CONTEXT ( 3 ) GLOBAL_UNCERTAINTY_ASSIGNED_CONTEXT ( ( #943 ) ) GLOBAL_UNIT_ASSIGNED_CONTEXT ( ( #1878, #2303, #2320 ) ) REPRESENTATION_CONTEXT ( 'NONE', 'WORKASPACE' ) );
#1945 = LINE ( 'NONE', #1913, #1037 ) ;
#1946 = ORIENTED_EDGE ( 'NONE', *, *, #541, .F. ) ;
#1947 = ORIENTED_EDGE ( 'NONE', *, *, #2821, .T. ) ;
#1948 =( NAMED_UNIT ( * ) SI_UNIT ( $, .STERADIAN. ) SOLID_ANGLE_UNIT ( ) );
#1949 = DIRECTION ( 'NONE',  ( -1.000000000000000000, 0.000000000000000000, 0.000000000000000000 ) ) ;
#1950 = CARTESIAN_POINT ( 'NONE',  ( 0.3001828170652101613, 1.299999999999999822, 1.361677722148821851E-14 ) ) ;
#1951 = CARTESIAN_POINT ( 'NONE',  ( 1.000182817065209395, 0.9999999999999961142, 0.3500000000000100808 ) ) ;
#1952 = DIRECTION ( 'NONE',  ( 0.000000000000000000, -1.000000000000000000, -1.047444401652940007E-14 ) ) ;
#1953 = EDGE_LOOP ( 'NONE', ( #2164, #508, #1298, #2334 ) ) ;
#1954 = DIRECTION ( 'NONE',  ( -0.000000000000000000, -1.047444401652940007E-14, 1.000000000000000000 ) ) ;
#1955 =( NAMED_UNIT ( * ) PLANE_ANGLE_UNIT ( ) SI_UNIT ( $, .RADIAN. ) );
#1956 = CARTESIAN_POINT ( 'NONE',  ( -0.2998171829347862083, -0.2009885622606487343, 0.3499999999999974798 ) ) ;
#1957 = EDGE_CURVE ( 'NONE', #2196, #2373, #1288, .T. ) ;
#1958 = STYLED_ITEM ( 'NONE', ( #796 ), #3094 ) ;
#1959 = PRESENTATION_LAYER_ASSIGNMENT (  '', '', ( #979 ) ) ;
#1960 = ORIENTED_EDGE ( 'NONE', *, *, #1186, .T. ) ;
#1961 =( NAMED_UNIT ( * ) SI_UNIT ( $, .STERADIAN. ) SOLID_ANGLE_UNIT ( ) );
#1962 = CIRCLE ( 'NONE', #676, 0.1750000000000037637 ) ;
#1963 = ORIENTED_EDGE ( 'NONE', *, *, #2342, .T. ) ;
#1964 = FILL_AREA_STYLE ('',( #765 ) ) ;
#1965 =( NAMED_UNIT ( * ) PLANE_ANGLE_UNIT ( ) SI_UNIT ( $, .RADIAN. ) );
#1966 =( NAMED_UNIT ( * ) PLANE_ANGLE_UNIT ( ) SI_UNIT ( $, .RADIAN. ) );
#1967 = EDGE_CURVE ( 'NONE', #1418, #27, #320, .T. ) ;
#1968 = CARTESIAN_POINT ( 'NONE',  ( -0.9298171829347847694, -6.808388610744123453E-15, 0.6500000000000012434 ) ) ;
#1969 = CARTESIAN_POINT ( 'NONE',  ( -0.9998171829347854977, -1.300000000000000266, -1.361677722148822166E-14 ) ) ;
#1970 = VERTEX_POINT ( 'NONE', #58 ) ;
#1971 = CARTESIAN_POINT ( 'NONE',  ( 0.0001828170652154459397, -1.780655482809997932E-15, 0.1700000000000000122 ) ) ;
#1972 = DIRECTION ( 'NONE',  ( 0.000000000000000000, 1.047444401652940007E-14, -1.000000000000000000 ) ) ;
#1973 =( NAMED_UNIT ( * ) SI_UNIT ( $, .STERADIAN. ) SOLID_ANGLE_UNIT ( ) );
#1974 = CARTESIAN_POINT ( 'NONE',  ( 0.0001828170652154459397, 0.000000000000000000, 0.000000000000000000 ) ) ;
#1975 = COLOUR_RGB ( '',0.8509803921568627194, 0.8509803921568627194, 0.8509803921568627194 ) ;
#1976 = SURFACE_SIDE_STYLE ('',( #2489 ) ) ;
#1977 = CARTESIAN_POINT ( 'NONE',  ( -0.8498171829347880291, -4.713499807438219774E-15, 0.4499999999999990119 ) ) ;
#1978 = CARTESIAN_POINT ( 'NONE',  ( 1.300182817065210994, 1.299999999999999822, 1.361677722148821851E-14 ) ) ;
#1979 = ORIENTED_EDGE ( 'NONE', *, *, #153, .T. ) ;
#1980 = DIRECTION ( 'NONE',  ( 0.000000000000000000, 1.000000000000000000, 0.000000000000000000 ) ) ;
#1981 = LINE ( 'NONE', #1688, #2391 ) ;
#1982 = DIRECTION ( 'NONE',  ( 1.000000000000000000, 0.000000000000000000, 0.000000000000000000 ) ) ;
#1983 = CARTESIAN_POINT ( 'NONE',  ( 1.500182817065209839, -0.9000000000000015765, 0.1499999999999913902 ) ) ;
#1984 = ORIENTED_EDGE ( 'NONE', *, *, #583, .T. ) ;
#1985 = DIRECTION ( 'NONE',  ( 0.000000000000000000, 1.000000000000000000, 1.047444401652939849E-14 ) ) ;
#1986 = CARTESIAN_POINT ( 'NONE',  ( -0.9298171829347847694, -1.309305502066176270E-14, 1.250000000000001110 ) ) ;
#1987 = PRESENTATION_LAYER_ASSIGNMENT (  '', '', ( #1421 ) ) ;
#1988 = COLOUR_RGB ( '',0.8509803921568627194, 0.8509803921568627194, 0.8509803921568627194 ) ;
#1989 = CYLINDRICAL_SURFACE ( 'NONE', #2014, 0.9300000000000000488 ) ;
#1990 = DIRECTION ( 'NONE',  ( 0.000000000000000000, -1.047444401652940007E-14, 1.000000000000000000 ) ) ;
#1991 = MECHANICAL_DESIGN_GEOMETRIC_PRESENTATION_REPRESENTATION (  '', ( #2776 ), #440 ) ;
#1992 = CARTESIAN_POINT ( 'NONE',  ( 0.0001828170652154459397, -5.027733127934125127E-15, 0.4800000000000012590 ) ) ;
#1993 = VECTOR ( 'NONE', #1570, 1000.000000000000000 ) ;
#1994 = ORIENTED_EDGE ( 'NONE', *, *, #2562, .T. ) ;
#1995 = AXIS2_PLACEMENT_3D ( 'NONE', #645, #1357, #2579 ) ;
#1996 = ORIENTED_EDGE ( 'NONE', *, *, #2020, .F. ) ;
#1997 = SURFACE_SIDE_STYLE ('',( #1751 ) ) ;
#1998 = CARTESIAN_POINT ( 'NONE',  ( 0.3001828170652101613, -1.550000000000000266, -1.623538822562057326E-14 ) ) ;
#1999 = SURFACE_STYLE_USAGE ( .BOTH. , #1521 ) ;
#2000 = VECTOR ( 'NONE', #2263, 1000.000000000000000 ) ;
#2001 = TOROIDAL_SURFACE ( 'NONE', #1995, 0.005000000000003753178, 0.1700000000000000122 ) ;
#2002 = EDGE_LOOP ( 'NONE', ( #1946, #380, #2577, #1126 ) ) ;
#2003 = DIRECTION ( 'NONE',  ( 1.000000000000000000, 0.000000000000000000, 0.000000000000000000 ) ) ;
#2004 = DIRECTION ( 'NONE',  ( -1.000000000000000000, 0.000000000000000000, 0.000000000000000000 ) ) ;
#2005 = EDGE_CURVE ( 'NONE', #1469, #2509, #2721, .T. ) ;
#2006 = CARTESIAN_POINT ( 'NONE',  ( -0.2498171829347778372, 0.8999999999999995781, 9.426999614876455326E-15 ) ) ;
#2007 = AXIS2_PLACEMENT_3D ( 'NONE', #1511, #1972, #1494 ) ;
#2008 = ADVANCED_FACE ( 'NONE', ( #2250 ), #42, .T. ) ;
#2009 = FILL_AREA_STYLE_COLOUR ( '', #538 ) ;
#2010 = DIRECTION ( 'NONE',  ( 1.000000000000000000, 0.000000000000000000, 0.000000000000000000 ) ) ;
#2011 = STYLED_ITEM ( 'NONE', ( #3082 ), #2993 ) ;
#2012 = ORIENTED_EDGE ( 'NONE', *, *, #1015, .T. ) ;
#2013 = DIRECTION ( 'NONE',  ( 0.000000000000000000, 1.047444401652940007E-14, -1.000000000000000000 ) ) ;
#2014 = AXIS2_PLACEMENT_3D ( 'NONE', #2978, #757, #513 ) ;
#2015 = ORIENTED_EDGE ( 'NONE', *, *, #2900, .T. ) ;
#2016 = CARTESIAN_POINT ( 'NONE',  ( 1.000182817065209395, -1.300000000000000266, -1.361677722148822166E-14 ) ) ;
#2017 = CIRCLE ( 'NONE', #2857, 1.000000000000000000 ) ;
#2018 = CARTESIAN_POINT ( 'NONE',  ( -4.318768448973789198, 0.9000000000000000222, 9.426999614876460059E-15 ) ) ;
#2019 = COLOUR_RGB ( '',0.8509803921568627194, 0.8509803921568627194, 0.8509803921568627194 ) ;
#2020 = EDGE_CURVE ( 'NONE', #321, #1133, #489, .T. ) ;
#2021 =( GEOMETRIC_REPRESENTATION_CONTEXT ( 3 ) GLOBAL_UNCERTAINTY_ASSIGNED_CONTEXT ( ( #2569 ) ) GLOBAL_UNIT_ASSIGNED_CONTEXT ( ( #2048, #782, #23 ) ) REPRESENTATION_CONTEXT ( 'NONE', 'WORKASPACE' ) );
#2022 = SURFACE_STYLE_FILL_AREA ( #1283 ) ;
#2023 = VERTEX_POINT ( 'NONE', #1983 ) ;
#2024 = DIRECTION ( 'NONE',  ( 1.000000000000000000, 0.000000000000000000, 0.000000000000000000 ) ) ;
#2025 = SURFACE_STYLE_USAGE ( .BOTH. , #1566 ) ;
#2026 = PRESENTATION_STYLE_ASSIGNMENT (( #561 ) ) ;
#2027 = FACE_BOUND ( 'NONE', #1517, .T. ) ;
#2028 = LINE ( 'NONE', #2535, #719 ) ;
#2029 = EDGE_CURVE ( 'NONE', #2555, #1330, #2973, .T. ) ;
#2030 = LINE ( 'NONE', #2761, #2677 ) ;
#2031 = FILL_AREA_STYLE_COLOUR ( '', #2637 ) ;
#2032 = ORIENTED_EDGE ( 'NONE', *, *, #1877, .T. ) ;
#2033 = DIRECTION ( 'NONE',  ( -1.225395090972673483E-16, 1.000000000000000000, 0.000000000000000000 ) ) ;
#2034 = FACE_OUTER_BOUND ( 'NONE', #851, .T. ) ;
#2035 = VERTEX_POINT ( 'NONE', #2289 ) ;
#2036 = DIRECTION ( 'NONE',  ( -1.000000000000000000, 0.000000000000000000, 0.000000000000000000 ) ) ;
#2037 = FILL_AREA_STYLE ('',( #92 ) ) ;
#2038 =( NAMED_UNIT ( * ) PLANE_ANGLE_UNIT ( ) SI_UNIT ( $, .RADIAN. ) );
#2039 = DIRECTION ( 'NONE',  ( -1.000000000000000000, 0.000000000000000000, 0.000000000000000000 ) ) ;
#2040 = COLOUR_RGB ( '',0.8431372549019607865, 0.8156862745098039102, 0.7529411764705882248 ) ;
#2041 = DIRECTION ( 'NONE',  ( 0.000000000000000000, -1.047444401652940007E-14, 1.000000000000000000 ) ) ;
#2042 = CONICAL_SURFACE ( 'NONE', #2824, 6.116265326383539568E-05, 0.0004062601226064389208 ) ;
#2043 = DIRECTION ( 'NONE',  ( 0.000000000000000000, -1.047444401652940007E-14, 1.000000000000000000 ) ) ;
#2044 = CARTESIAN_POINT ( 'NONE',  ( 0.3001828170652101613, -0.2009885622606471800, 0.1999999999999966804 ) ) ;
#2045 = ORIENTED_EDGE ( 'NONE', *, *, #541, .T. ) ;
#2046 = PLANE ( 'NONE',  #1856 ) ;
#2047 = COLOUR_RGB ( '',0.8509803921568627194, 0.8509803921568627194, 0.8509803921568627194 ) ;
#2048 =( LENGTH_UNIT ( ) NAMED_UNIT ( * ) SI_UNIT ( .MILLI., .METRE. ) );
#2049 = ORIENTED_EDGE ( 'NONE', *, *, #836, .F. ) ;
#2050 = DIRECTION ( 'NONE',  ( 0.7071067811865474617, -7.563559639115173621E-15, 0.7071067811865474617 ) ) ;
#2051 = STYLED_ITEM ( 'NONE', ( #2791 ), #731 ) ;
#2052 =( NAMED_UNIT ( * ) SI_UNIT ( $, .STERADIAN. ) SOLID_ANGLE_UNIT ( ) );
#2053 = EDGE_LOOP ( 'NONE', ( #1714, #2861, #2542, #1841 ) ) ;
#2054 = LINE ( 'NONE', #823, #260 ) ;
#2055 =( NAMED_UNIT ( * ) PLANE_ANGLE_UNIT ( ) SI_UNIT ( $, .RADIAN. ) );
#2056 = ADVANCED_FACE ( 'NONE', ( #2034 ), #1757, .F. ) ;
#2057 = PLANE ( 'NONE',  #548 ) ;
#2058 = PLANE ( 'NONE',  #2866 ) ;
#2059 = ORIENTED_EDGE ( 'NONE', *, *, #2704, .F. ) ;
#2060 =( NAMED_UNIT ( * ) SI_UNIT ( $, .STERADIAN. ) SOLID_ANGLE_UNIT ( ) );
#2061 = DIRECTION ( 'NONE',  ( 1.000000000000000000, 0.000000000000000000, 0.000000000000000000 ) ) ;
#2062 = CARTESIAN_POINT ( 'NONE',  ( 1.000182817065209395, -5.027733127934125127E-15, 0.4800000000000012590 ) ) ;
#2063 = CIRCLE ( 'NONE', #155, 0.8499999999999999778 ) ;
#2064 = AXIS2_PLACEMENT_3D ( 'NONE', #2104, #842, #2326 ) ;
#2065 = PRESENTATION_STYLE_ASSIGNMENT (( #1063 ) ) ;
#2066 = ORIENTED_EDGE ( 'NONE', *, *, #2795, .F. ) ;
#2067 = LINE ( 'NONE', #3141, #2233 ) ;
#2068 = COLOUR_RGB ( '',0.8509803921568627194, 0.8509803921568627194, 0.8509803921568627194 ) ;
#2069 = VECTOR ( 'NONE', #2456, 1000.000000000000000 ) ;
#2070 =( NAMED_UNIT ( * ) SI_UNIT ( $, .STERADIAN. ) SOLID_ANGLE_UNIT ( ) );
#2071 = PLANE ( 'NONE',  #1752 ) ;
#2072 = STYLED_ITEM ( 'NONE', ( #3210 ), #2613 ) ;
#2073 = CARTESIAN_POINT ( 'NONE',  ( 0.0003656341304239529855, -8.379555213223505853E-15, 0.7999999999999986011 ) ) ;
#2074 = SURFACE_STYLE_FILL_AREA ( #2984 ) ;
#2075 =( GEOMETRIC_REPRESENTATION_CONTEXT ( 3 ) GLOBAL_UNCERTAINTY_ASSIGNED_CONTEXT ( ( #329 ) ) GLOBAL_UNIT_ASSIGNED_CONTEXT ( ( #2116, #1135, #846 ) ) REPRESENTATION_CONTEXT ( 'NONE', 'WORKASPACE' ) );
#2076 = FACE_OUTER_BOUND ( 'NONE', #1892, .T. ) ;
#2077 = FILL_AREA_STYLE ('',( #1040 ) ) ;
#2078 = ORIENTED_EDGE ( 'NONE', *, *, #2504, .F. ) ;
#2079 = SURFACE_STYLE_FILL_AREA ( #587 ) ;
#2080 = DIRECTION ( 'NONE',  ( 0.000000000000000000, 1.047444401652940007E-14, -1.000000000000000000 ) ) ;
#2081 =( NAMED_UNIT ( * ) PLANE_ANGLE_UNIT ( ) SI_UNIT ( $, .RADIAN. ) );
#2082 = UNCERTAINTY_MEASURE_WITH_UNIT (LENGTH_MEASURE( 1.000000000000000082E-05 ), #1815, 'distance_accuracy_value', 'NONE');
#2083 = AXIS2_PLACEMENT_3D ( 'NONE', #1393, #131, #615 ) ;
#2084 = ADVANCED_FACE ( 'NONE', ( #2118 ), #3102, .T. ) ;
#2085 = VERTEX_POINT ( 'NONE', #1820 ) ;
#2086 = SURFACE_STYLE_USAGE ( .BOTH. , #2560 ) ;
#2087 = DIRECTION ( 'NONE',  ( -1.000000000000000000, 0.000000000000000000, 0.000000000000000000 ) ) ;
#2088 = VERTEX_POINT ( 'NONE', #1595 ) ;
#2089 = LINE ( 'NONE', #744, #1016 ) ;
#2090 = SURFACE_SIDE_STYLE ('',( #1382 ) ) ;
#2091 = PLANE ( 'NONE',  #1633 ) ;
#2092 =( NAMED_UNIT ( * ) PLANE_ANGLE_UNIT ( ) SI_UNIT ( $, .RADIAN. ) );
#2093 = CIRCLE ( 'NONE', #910, 1.000000000000000000 ) ;
#2094 = ORIENTED_EDGE ( 'NONE', *, *, #1455, .F. ) ;
#2095 = PLANE ( 'NONE',  #266 ) ;
#2096 = SURFACE_SIDE_STYLE ('',( #2574 ) ) ;
#2097 = COLOUR_RGB ( '',0.9686274509803921573, 0.8784313725490195957, 0.5999999999999999778 ) ;
#2098 = PRESENTATION_LAYER_ASSIGNMENT (  '', '', ( #287 ) ) ;
#2099 =( NAMED_UNIT ( * ) PLANE_ANGLE_UNIT ( ) SI_UNIT ( $, .RADIAN. ) );
#2100 = ORIENTED_EDGE ( 'NONE', *, *, #718, .T. ) ;
#2101 = CARTESIAN_POINT ( 'NONE',  ( -4.318768448973789198, 1.299999999999998268, 0.1500000000000144273 ) ) ;
#2102 =( NAMED_UNIT ( * ) SI_UNIT ( $, .STERADIAN. ) SOLID_ANGLE_UNIT ( ) );
#2103 = CARTESIAN_POINT ( 'NONE',  ( 1.000182817065209395, -0.4330127018922231286, -4.535567304416225724E-15 ) ) ;
#2104 = CARTESIAN_POINT ( 'NONE',  ( 0.0001828170652154459397, 0.004999999999997154290, 0.6299999999999985612 ) ) ;
#2105 = ORIENTED_EDGE ( 'NONE', *, *, #84, .F. ) ;
#2106 =( NAMED_UNIT ( * ) PLANE_ANGLE_UNIT ( ) SI_UNIT ( $, .RADIAN. ) );
#2107 = ADVANCED_FACE ( 'NONE', ( #3043 ), #126, .T. ) ;
#2108 =( GEOMETRIC_REPRESENTATION_CONTEXT ( 3 ) GLOBAL_UNCERTAINTY_ASSIGNED_CONTEXT ( ( #3055 ) ) GLOBAL_UNIT_ASSIGNED_CONTEXT ( ( #3146, #2158, #923 ) ) REPRESENTATION_CONTEXT ( 'NONE', 'WORKASPACE' ) );
#2109 = FILL_AREA_STYLE_COLOUR ( '', #652 ) ;
#2110 = DIRECTION ( 'NONE',  ( 0.000000000000000000, -1.047444401652940007E-14, 1.000000000000000000 ) ) ;
#2111 = ADVANCED_FACE ( 'NONE', ( #1372 ), #2371, .T. ) ;
#2112 = DIRECTION ( 'NONE',  ( 1.000000000000000000, 0.000000000000000000, 0.000000000000000000 ) ) ;
#2113 = UNCERTAINTY_MEASURE_WITH_UNIT (LENGTH_MEASURE( 1.000000000000000082E-05 ), #476, 'distance_accuracy_value', 'NONE');
#2114 = VERTEX_POINT ( 'NONE', #1236 ) ;
#2115 = DIRECTION ( 'NONE',  ( 0.000000000000000000, -1.047444401652940007E-14, 1.000000000000000000 ) ) ;
#2116 =( LENGTH_UNIT ( ) NAMED_UNIT ( * ) SI_UNIT ( .MILLI., .METRE. ) );
#2117 = FACE_OUTER_BOUND ( 'NONE', #1849, .T. ) ;
#2118 = FACE_OUTER_BOUND ( 'NONE', #640, .T. ) ;
#2119 = ORIENTED_EDGE ( 'NONE', *, *, #435, .F. ) ;
#2120 = CARTESIAN_POINT ( 'NONE',  ( 0.0001828170652154459397, -5.760944209091153470E-15, 0.5499999999999983791 ) ) ;
#2121 = SURFACE_STYLE_FILL_AREA ( #3083 ) ;
#2122 = COLOUR_RGB ( '',0.8509803921568627194, 0.8509803921568627194, 0.8509803921568627194 ) ;
#2123 = ADVANCED_FACE ( 'NONE', ( #961 ), #2966, .T. ) ;
#2124 = STYLED_ITEM ( 'NONE', ( #2242 ), #1740 ) ;
#2125 = STYLED_ITEM ( 'NONE', ( #2852 ), #871 ) ;
#2126 = SURFACE_STYLE_USAGE ( .BOTH. , #1358 ) ;
#2127 = ORIENTED_EDGE ( 'NONE', *, *, #2561, .T. ) ;
#2128 = STYLED_ITEM ( 'NONE', ( #666 ), #2273 ) ;
#2129 = VECTOR ( 'NONE', #2498, 1000.000000000000000 ) ;
#2130 = ADVANCED_FACE ( 'NONE', ( #974 ), #1153, .F. ) ;
#2131 = DIRECTION ( 'NONE',  ( 1.000000000000000000, 0.000000000000000000, 0.000000000000000000 ) ) ;
#2132 = EDGE_CURVE ( 'NONE', #677, #3122, #1696, .T. ) ;
#2133 = CARTESIAN_POINT ( 'NONE',  ( 0.3001828170652101613, 1.299999999999998268, 0.1500000000000144273 ) ) ;
#2134 = ORIENTED_EDGE ( 'NONE', *, *, #1941, .F. ) ;
#2135 = EDGE_CURVE ( 'NONE', #2143, #2114, #2370, .T. ) ;
#2136 = DIRECTION ( 'NONE',  ( 0.000000000000000000, -1.047444401652940007E-14, 1.000000000000000000 ) ) ;
#2137 = ORIENTED_EDGE ( 'NONE', *, *, #2450, .T. ) ;
#2138 = FILL_AREA_STYLE_COLOUR ( '', #3 ) ;
#2139 = CARTESIAN_POINT ( 'NONE',  ( -4.318768448973789198, -0.2009885622606487343, 0.3499999999999974798 ) ) ;
#2140 = MECHANICAL_DESIGN_GEOMETRIC_PRESENTATION_REPRESENTATION (  '', ( #15 ), #1253 ) ;
#2141 = FILL_AREA_STYLE ('',( #1169 ) ) ;
#2142 = DIRECTION ( 'NONE',  ( 0.000000000000000000, 1.000000000000000000, 1.047444401652940007E-14 ) ) ;
#2143 = VERTEX_POINT ( 'NONE', #1264 ) ;
#2144 = SURFACE_SIDE_STYLE ('',( #2396 ) ) ;
#2145 =( NAMED_UNIT ( * ) SI_UNIT ( $, .STERADIAN. ) SOLID_ANGLE_UNIT ( ) );
#2146 = UNCERTAINTY_MEASURE_WITH_UNIT (LENGTH_MEASURE( 1.000000000000000082E-05 ), #1832, 'distance_accuracy_value', 'NONE');
#2147 = ORIENTED_EDGE ( 'NONE', *, *, #2963, .F. ) ;
#2148 = EDGE_CURVE ( 'NONE', #733, #1058, #2262, .T. ) ;
#2149 = LINE ( 'NONE', #3152, #2566 ) ;
#2150 = PRESENTATION_LAYER_ASSIGNMENT (  '', '', ( #794 ) ) ;
#2151 = PRESENTATION_LAYER_ASSIGNMENT (  '', '', ( #1781 ) ) ;
#2152 = ORIENTED_EDGE ( 'NONE', *, *, #1733, .F. ) ;
#2153 = CARTESIAN_POINT ( 'NONE',  ( 0.0001828170652154459397, -4.713499807438219774E-15, 0.4499999999999990119 ) ) ;
#2154 = DIRECTION ( 'NONE',  ( 0.000000000000000000, -1.047444401652940007E-14, 1.000000000000000000 ) ) ;
#2155 = CARTESIAN_POINT ( 'NONE',  ( -4.318768448973789198, -0.9000000000000001332, -9.426999614876461637E-15 ) ) ;
#2156 = ORIENTED_EDGE ( 'NONE', *, *, #1214, .T. ) ;
#2157 = AXIS2_PLACEMENT_3D ( 'NONE', #936, #1229, #1672 ) ;
#2158 =( NAMED_UNIT ( * ) PLANE_ANGLE_UNIT ( ) SI_UNIT ( $, .RADIAN. ) );
#2159 = SURFACE_STYLE_USAGE ( .BOTH. , #1112 ) ;
#2160 = EDGE_CURVE ( 'NONE', #586, #3103, #551, .T. ) ;
#2161 = ORIENTED_EDGE ( 'NONE', *, *, #2940, .T. ) ;
#2162 =( NAMED_UNIT ( * ) SI_UNIT ( $, .STERADIAN. ) SOLID_ANGLE_UNIT ( ) );
#2163 = VECTOR ( 'NONE', #2440, 1000.000000000000114 ) ;
#2164 = ORIENTED_EDGE ( 'NONE', *, *, #1871, .T. ) ;
#2165 = CARTESIAN_POINT ( 'NONE',  ( 0.0001828170652154459397, -7.332110811570572157E-15, 0.6999999999999992895 ) ) ;
#2166 = DIRECTION ( 'NONE',  ( 0.000000000000000000, 1.000000000000000000, 1.053224967557324468E-14 ) ) ;
#2167 = CARTESIAN_POINT ( 'NONE',  ( 0.7747794863067134497, 0.3499999999999961475, 0.3500000000000033085 ) ) ;
#2168 = VECTOR ( 'NONE', #2837, 1000.000000000000000 ) ;
#2169 = ORIENTED_EDGE ( 'NONE', *, *, #735, .F. ) ;
#2170 = CARTESIAN_POINT ( 'NONE',  ( -0.7744138521762894412, 0.3499999999999950928, 0.4500000000000026756 ) ) ;
#2171 = VECTOR ( 'NONE', #1542, 1000.000000000000000 ) ;
#2172 = EDGE_CURVE ( 'NONE', #1908, #995, #2565, .T. ) ;
#2173 =( NAMED_UNIT ( * ) PLANE_ANGLE_UNIT ( ) SI_UNIT ( $, .RADIAN. ) );
#2174 = CARTESIAN_POINT ( 'NONE',  ( -4.318768448973789198, 0.3499999999999961475, 0.3500000000000033085 ) ) ;
#2175 = AXIS2_PLACEMENT_3D ( 'NONE', #952, #2454, #2423 ) ;
#2176 = AXIS2_PLACEMENT_3D ( 'NONE', #1868, #2923, #1 ) ;
#2177 = UNCERTAINTY_MEASURE_WITH_UNIT (LENGTH_MEASURE( 1.000000000000000082E-05 ), #1327, 'distance_accuracy_value', 'NONE');
#2178 = STYLED_ITEM ( 'NONE', ( #522 ), #447 ) ;
#2179 = EDGE_LOOP ( 'NONE', ( #1636, #2100, #1142, #3081, #844, #2997, #3011, #2394, #89, #1252 ) ) ;
#2180 = CARTESIAN_POINT ( 'NONE',  ( -0.9998171829347854977, 0.000000000000000000, 0.000000000000000000 ) ) ;
#2181 = EDGE_CURVE ( 'NONE', #820, #1008, #2030, .T. ) ;
#2182 = ORIENTED_EDGE ( 'NONE', *, *, #3197, .T. ) ;
#2183 =( NAMED_UNIT ( * ) PLANE_ANGLE_UNIT ( ) SI_UNIT ( $, .RADIAN. ) );
#2184 = DIRECTION ( 'NONE',  ( 0.000000000000000000, 1.000000000000000000, 1.047444401652940007E-14 ) ) ;
#2185 = PRESENTATION_LAYER_ASSIGNMENT (  '', '', ( #1765 ) ) ;
#2186 = EDGE_CURVE ( 'NONE', #321, #3144, #3034, .T. ) ;
#2187 = SURFACE_STYLE_USAGE ( .BOTH. , #2481 ) ;
#2188 = LINE ( 'NONE', #1184, #2998 ) ;
#2189 = EDGE_LOOP ( 'NONE', ( #293, #1231, #2049, #1758 ) ) ;
#2190 =( NAMED_UNIT ( * ) PLANE_ANGLE_UNIT ( ) SI_UNIT ( $, .RADIAN. ) );
#2191 = SURFACE_STYLE_USAGE ( .BOTH. , #1217 ) ;
#2192 = SURFACE_STYLE_FILL_AREA ( #494 ) ;
#2193 = ORIENTED_EDGE ( 'NONE', *, *, #1621, .T. ) ;
#2194 = SHAPE_DEFINITION_REPRESENTATION ( #2736, #871 ) ;
#2195 = FILL_AREA_STYLE ('',( #946 ) ) ;
#2196 = VERTEX_POINT ( 'NONE', #2523 ) ;
#2197 = VECTOR ( 'NONE', #950, 1000.000000000000000 ) ;
#2198 = LINE ( 'NONE', #736, #1401 ) ;
#2199 = CARTESIAN_POINT ( 'NONE',  ( -1.299817182934787096, -1.000000000000003775, 0.3499999999999891531 ) ) ;
#2200 = MECHANICAL_DESIGN_GEOMETRIC_PRESENTATION_REPRESENTATION (  '', ( #484 ), #2365 ) ;
#2201 = ADVANCED_FACE ( 'NONE', ( #294, #3016 ), #2745, .T. ) ;
#2202 = CARTESIAN_POINT ( 'NONE',  ( -0.9998171829347854977, 1.299999999999999822, 1.361677722148821851E-14 ) ) ;
#2203 = SURFACE_STYLE_FILL_AREA ( #1894 ) ;
#2204 = ORIENTED_EDGE ( 'NONE', *, *, #1349, .T. ) ;
#2205 =( NAMED_UNIT ( * ) SI_UNIT ( $, .STERADIAN. ) SOLID_ANGLE_UNIT ( ) );
#2206 = AXIS2_PLACEMENT_3D ( 'NONE', #1010, #1332, #2350 ) ;
#2207 = MECHANICAL_DESIGN_GEOMETRIC_PRESENTATION_REPRESENTATION (  '', ( #1628 ), #235 ) ;
#2208 = COLOUR_RGB ( '',0.8431372549019607865, 0.8156862745098039102, 0.7529411764705882248 ) ;
#2209 = SURFACE_STYLE_FILL_AREA ( #178 ) ;
#2210 = FILL_AREA_STYLE_COLOUR ( '', #50 ) ;
#2211 = VECTOR ( 'NONE', #2043, 1000.000000000000000 ) ;
#2212 = CARTESIAN_POINT ( 'NONE',  ( -0.2998171829347862083, 1.550000000000000044, 1.623538822562057010E-14 ) ) ;
#2213 = VECTOR ( 'NONE', #480, 1000.000000000000000 ) ;
#2214 = EDGE_LOOP ( 'NONE', ( #1406, #1390, #1564, #2059 ) ) ;
#2215 =( GEOMETRIC_REPRESENTATION_CONTEXT ( 3 ) GLOBAL_UNCERTAINTY_ASSIGNED_CONTEXT ( ( #1075 ) ) GLOBAL_UNIT_ASSIGNED_CONTEXT ( ( #343, #2092, #1619 ) ) REPRESENTATION_CONTEXT ( 'NONE', 'WORKASPACE' ) );
#2216 = ORIENTED_EDGE ( 'NONE', *, *, #2172, .T. ) ;
#2217 = LINE ( 'NONE', #980, #102 ) ;
#2218 = DIRECTION ( 'NONE',  ( 0.000000000000000000, 1.047444401652940007E-14, -1.000000000000000000 ) ) ;
#2219 = LINE ( 'NONE', #239, #1320 ) ;
#2220 = CARTESIAN_POINT ( 'NONE',  ( -0.4240812516466893611, -0.3500000000000037526, 0.3499999999999959255 ) ) ;
#2221 = ORIENTED_EDGE ( 'NONE', *, *, #584, .F. ) ;
#2222 = DIRECTION ( 'NONE',  ( 1.000000000000000000, 0.000000000000000000, 0.000000000000000000 ) ) ;
#2223 = DIRECTION ( 'NONE',  ( 0.000000000000000000, 1.000000000000000000, 1.047444401652940164E-14 ) ) ;
#2224 = EDGE_CURVE ( 'NONE', #3122, #2509, #1835, .T. ) ;
#2225 = CIRCLE ( 'NONE', #667, 0.1750000000000037637 ) ;
#2226 = CARTESIAN_POINT ( 'NONE',  ( 0.0001828170652154459397, -3.666055405785286079E-15, 0.3499999999999996447 ) ) ;
#2227 =( GEOMETRIC_REPRESENTATION_CONTEXT ( 3 ) GLOBAL_UNCERTAINTY_ASSIGNED_CONTEXT ( ( #1593 ) ) GLOBAL_UNIT_ASSIGNED_CONTEXT ( ( #2284, #1299, #39 ) ) REPRESENTATION_CONTEXT ( 'NONE', 'WORKASPACE' ) );
#2228 = EDGE_CURVE ( 'NONE', #631, #500, #97, .T. ) ;
#2229 = STYLED_ITEM ( 'NONE', ( #597 ), #1794 ) ;
#2230 = PRESENTATION_LAYER_ASSIGNMENT (  '', '', ( #1915 ) ) ;
#2231 = ORIENTED_EDGE ( 'NONE', *, *, #3035, .T. ) ;
#2232 = DIRECTION ( 'NONE',  ( 0.000000000000000000, 1.047444401652940007E-14, -1.000000000000000000 ) ) ;
#2233 = VECTOR ( 'NONE', #632, 1000.000000000000000 ) ;
#2234 = AXIS2_PLACEMENT_3D ( 'NONE', #2888, #1109, #858 ) ;
#2235 = ORIENTED_EDGE ( 'NONE', *, *, #1411, .T. ) ;
#2236 = FILL_AREA_STYLE_COLOUR ( '', #417 ) ;
#2237 = CARTESIAN_POINT ( 'NONE',  ( 0.0001828170652154881965, -0.3450000000000038036, -3.609327704608492512E-15 ) ) ;
#2238 = CIRCLE ( 'NONE', #1761, 0.9300000000000000488 ) ;
#2239 = DIRECTION ( 'NONE',  ( 0.000000000000000000, -1.000000000000000000, -1.047444401652940007E-14 ) ) ;
#2240 = ORIENTED_EDGE ( 'NONE', *, *, #2593, .T. ) ;
#2241 = LINE ( 'NONE', #1523, #2333 ) ;
#2242 = PRESENTATION_STYLE_ASSIGNMENT (( #2787 ) ) ;
#2243 =( GEOMETRIC_REPRESENTATION_CONTEXT ( 3 ) GLOBAL_UNCERTAINTY_ASSIGNED_CONTEXT ( ( #2177 ) ) GLOBAL_UNIT_ASSIGNED_CONTEXT ( ( #1327, #291, #78 ) ) REPRESENTATION_CONTEXT ( 'NONE', 'WORKASPACE' ) );
#2244 = CARTESIAN_POINT ( 'NONE',  ( 0.0001828170652154459397, -8.379555213223505853E-15, 0.7999999999999986011 ) ) ;
#2245 = SURFACE_SIDE_STYLE ('',( #264 ) ) ;
#2246 = ORIENTED_EDGE ( 'NONE', *, *, #2264, .T. ) ;
#2247 = ADVANCED_FACE ( 'NONE', ( #2554 ), #2057, .T. ) ;
#2248 = EDGE_LOOP ( 'NONE', ( #559, #2066, #2871, #255 ) ) ;
#2249 = FACE_OUTER_BOUND ( 'NONE', #581, .T. ) ;
#2250 = FACE_OUTER_BOUND ( 'NONE', #1246, .T. ) ;
#2251 = ADVANCED_FACE ( 'NONE', ( #361 ), #2091, .F. ) ;
#2252 = ORIENTED_EDGE ( 'NONE', *, *, #2029, .T. ) ;
#2253 = CARTESIAN_POINT ( 'NONE',  ( 0.0001828170652154459397, -7.541599691901152586E-15, 0.7199999999999984190 ) ) ;
#2254 = COLOUR_RGB ( '',0.8509803921568627194, 0.8509803921568627194, 0.8509803921568627194 ) ;
#2255 = MECHANICAL_DESIGN_GEOMETRIC_PRESENTATION_REPRESENTATION (  '', ( #1120 ), #2772 ) ;
#2256 = CARTESIAN_POINT ( 'NONE',  ( 0.8501828170652120376, 0.000000000000000000, 0.000000000000000000 ) ) ;
#2257 = AXIS2_PLACEMENT_3D ( 'NONE', #270, #2988, #1786 ) ;
#2258 = COLOUR_RGB ( '',0.9686274509803921573, 0.8784313725490195957, 0.5999999999999999778 ) ;
#2259 = COLOUR_RGB ( '',0.8431372549019607865, 0.8156862745098039102, 0.7529411764705882248 ) ;
#2260 = CARTESIAN_POINT ( 'NONE',  ( -1.299817182934787096, -0.9000000000000015765, 0.1499999999999913902 ) ) ;
#2261 = MECHANICAL_DESIGN_GEOMETRIC_PRESENTATION_REPRESENTATION (  '', ( #140 ), #805 ) ;
#2262 = LINE ( 'NONE', #1072, #2831 ) ;
#2263 = DIRECTION ( 'NONE',  ( 0.000000000000000000, 1.000000000000000000, 1.047444401652940007E-14 ) ) ;
#2264 = EDGE_CURVE ( 'NONE', #857, #2085, #1130, .T. ) ;
#2265 = ORIENTED_EDGE ( 'NONE', *, *, #1462, .F. ) ;
#2266 = CARTESIAN_POINT ( 'NONE',  ( 1.500182817065209839, 0.9000000000000000222, 9.426999614876460059E-15 ) ) ;
#2267 = PRESENTATION_STYLE_ASSIGNMENT (( #2753 ) ) ;
#2268 =( NAMED_UNIT ( * ) SI_UNIT ( $, .STERADIAN. ) SOLID_ANGLE_UNIT ( ) );
#2269 =( GEOMETRIC_REPRESENTATION_CONTEXT ( 3 ) GLOBAL_UNCERTAINTY_ASSIGNED_CONTEXT ( ( #1114 ) ) GLOBAL_UNIT_ASSIGNED_CONTEXT ( ( #1453, #686, #1961 ) ) REPRESENTATION_CONTEXT ( 'NONE', 'WORKASPACE' ) );
#2270 = VERTEX_POINT ( 'NONE', #118 ) ;
#2271 = LINE ( 'NONE', #492, #2737 ) ;
#2272 = PRESENTATION_STYLE_ASSIGNMENT (( #2305 ) ) ;
#2273 = ADVANCED_FACE ( 'NONE', ( #1383 ), #2847, .T. ) ;
#2274 = SURFACE_STYLE_FILL_AREA ( #1513 ) ;
#2275 = LINE ( 'NONE', #789, #2171 ) ;
#2276 = CARTESIAN_POINT ( 'NONE',  ( 0.0001828170652154459397, 0.000000000000000000, 0.000000000000000000 ) ) ;
#2277 = DIRECTION ( 'NONE',  ( 0.000000000000000000, 1.000000000000000000, 1.047444401652940007E-14 ) ) ;
#2278 = STYLED_ITEM ( 'NONE', ( #2673 ), #3069 ) ;
#2279 = SURFACE_STYLE_USAGE ( .BOTH. , #780 ) ;
#2280 = AXIS2_PLACEMENT_3D ( 'NONE', #1912, #1680, #2458 ) ;
#2281 = MECHANICAL_DESIGN_GEOMETRIC_PRESENTATION_REPRESENTATION (  '', ( #2125 ), #310 ) ;
#2282 = AXIS2_PLACEMENT_3D ( 'NONE', #912, #2891, #1587 ) ;
#2283 = ORIENTED_EDGE ( 'NONE', *, *, #1887, .F. ) ;
#2284 =( LENGTH_UNIT ( ) NAMED_UNIT ( * ) SI_UNIT ( .MILLI., .METRE. ) );
#2285 =( GEOMETRIC_REPRESENTATION_CONTEXT ( 3 ) GLOBAL_UNCERTAINTY_ASSIGNED_CONTEXT ( ( #1558 ) ) GLOBAL_UNIT_ASSIGNED_CONTEXT ( ( #1673, #707, #462 ) ) REPRESENTATION_CONTEXT ( 'NONE', 'WORKASPACE' ) );
#2286 = DIRECTION ( 'NONE',  ( -1.000000000000000000, 0.000000000000000000, 0.000000000000000000 ) ) ;
#2287 = UNCERTAINTY_MEASURE_WITH_UNIT (LENGTH_MEASURE( 1.000000000000000082E-05 ), #1861, 'distance_accuracy_value', 'NONE');
#2288 = AXIS2_PLACEMENT_3D ( 'NONE', #3110, #650, #2604 ) ;
#2289 = CARTESIAN_POINT ( 'NONE',  ( 0.0001828170652154459397, 0.004999999999995373597, 0.7999999999999986011 ) ) ;
#2290 = ORIENTED_EDGE ( 'NONE', *, *, #1050, .F. ) ;
#2291 = LINE ( 'NONE', #1790, #1917 ) ;
#2292 = SURFACE_STYLE_USAGE ( .BOTH. , #1776 ) ;
#2293 = CARTESIAN_POINT ( 'NONE',  ( 0.8501828170652120376, -4.713499807438219774E-15, 0.4499999999999990119 ) ) ;
#2294 = LINE ( 'NONE', #68, #233 ) ;
#2295 = DIRECTION ( 'NONE',  ( -1.000000000000000000, 0.000000000000000000, 0.000000000000000000 ) ) ;
#2296 = CARTESIAN_POINT ( 'NONE',  ( 1.300182817065210994, -1.000000000000000000, -1.047444401652940007E-14 ) ) ;
#2297 = CIRCLE ( 'NONE', #897, 0.9300000000000000488 ) ;
#2298 = EDGE_CURVE ( 'NONE', #2417, #2925, #621, .T. ) ;
#2299 = ORIENTED_EDGE ( 'NONE', *, *, #3030, .T. ) ;
#2300 = DIRECTION ( 'NONE',  ( 1.000000000000000000, 0.000000000000000000, 0.000000000000000000 ) ) ;
#2301 = SURFACE_STYLE_FILL_AREA ( #1278 ) ;
#2302 =( LENGTH_UNIT ( ) NAMED_UNIT ( * ) SI_UNIT ( .MILLI., .METRE. ) );
#2303 =( NAMED_UNIT ( * ) PLANE_ANGLE_UNIT ( ) SI_UNIT ( $, .RADIAN. ) );
#2304 = ORIENTED_EDGE ( 'NONE', *, *, #831, .F. ) ;
#2305 = SURFACE_STYLE_USAGE ( .BOTH. , #527 ) ;
#2306 = SURFACE_SIDE_STYLE ('',( #1792 ) ) ;
#2307 =( LENGTH_UNIT ( ) NAMED_UNIT ( * ) SI_UNIT ( .MILLI., .METRE. ) );
#2308 = LINE ( 'NONE', #16, #311 ) ;
#2309 = VECTOR ( 'NONE', #2184, 1000.000000000000000 ) ;
#2310 = FILL_AREA_STYLE ('',( #2009 ) ) ;
#2311 = PRESENTATION_LAYER_ASSIGNMENT (  '', '', ( #484 ) ) ;
#2312 = CARTESIAN_POINT ( 'NONE',  ( -4.318768448973789198, -0.2009885622606450983, -2.105243443361860554E-15 ) ) ;
#2313 = FILL_AREA_STYLE ('',( #2031 ) ) ;
#2314 = VECTOR ( 'NONE', #2754, 1000.000000000000000 ) ;
#2315 = UNCERTAINTY_MEASURE_WITH_UNIT (LENGTH_MEASURE( 1.000000000000000082E-05 ), #2530, 'distance_accuracy_value', 'NONE');
#2316 = EDGE_CURVE ( 'NONE', #2270, #2407, #2951, .T. ) ;
#2317 = VERTEX_POINT ( 'NONE', #1496 ) ;
#2318 = PRESENTATION_STYLE_ASSIGNMENT (( #1134 ) ) ;
#2319 =( NAMED_UNIT ( * ) SI_UNIT ( $, .STERADIAN. ) SOLID_ANGLE_UNIT ( ) );
#2320 =( NAMED_UNIT ( * ) SI_UNIT ( $, .STERADIAN. ) SOLID_ANGLE_UNIT ( ) );
#2321 = ORIENTED_EDGE ( 'NONE', *, *, #2466, .T. ) ;
#2322 = FILL_AREA_STYLE ('',( #2138 ) ) ;
#2323 = DIRECTION ( 'NONE',  ( -1.000000000000000000, 0.000000000000000000, 0.000000000000000000 ) ) ;
#2324 =( GEOMETRIC_REPRESENTATION_CONTEXT ( 3 ) GLOBAL_UNCERTAINTY_ASSIGNED_CONTEXT ( ( #1533 ) ) GLOBAL_UNIT_ASSIGNED_CONTEXT ( ( #3130, #1380, #3111 ) ) REPRESENTATION_CONTEXT ( 'NONE', 'WORKASPACE' ) );
#2325 = COLOUR_RGB ( '',0.8431372549019607865, 0.8156862745098039102, 0.7529411764705882248 ) ;
#2326 = DIRECTION ( 'NONE',  ( 0.000000000000000000, 0.000000000000000000, 1.000000000000000000 ) ) ;
#2327 = DIRECTION ( 'NONE',  ( 0.000000000000000000, 1.047444401652940007E-14, -1.000000000000000000 ) ) ;
#2328 = EDGE_CURVE ( 'NONE', #1064, #220, #1721, .T. ) ;
#2329 = CIRCLE ( 'NONE', #1591, 0.4999999999999990563 ) ;
#2330 = DIRECTION ( 'NONE',  ( 0.000000000000000000, 1.047444401652940007E-14, -1.000000000000000000 ) ) ;
#2331 = SURFACE_STYLE_FILL_AREA ( #1131 ) ;
#2332 = EDGE_CURVE ( 'NONE', #3135, #1176, #1945, .T. ) ;
#2333 = VECTOR ( 'NONE', #3045, 1000.000000000000000 ) ;
#2334 = ORIENTED_EDGE ( 'NONE', *, *, #565, .T. ) ;
#2335 = MECHANICAL_DESIGN_GEOMETRIC_PRESENTATION_REPRESENTATION (  '', ( #2124 ), #2539 ) ;
#2336 = AXIS2_PLACEMENT_3D ( 'NONE', #2165, #1641, #2418 ) ;
#2337 = VERTEX_POINT ( 'NONE', #2459 ) ;
#2338 = LINE ( 'NONE', #1822, #420 ) ;
#2339 = SURFACE_STYLE_FILL_AREA ( #353 ) ;
#2340 = MECHANICAL_DESIGN_GEOMETRIC_PRESENTATION_REPRESENTATION (  '', ( #1698 ), #2697 ) ;
#2341 = VECTOR ( 'NONE', #786, 1000.000000000000000 ) ;
#2342 = EDGE_CURVE ( 'NONE', #2431, #2571, #1930, .T. ) ;
#2343 = EDGE_LOOP ( 'NONE', ( #1853, #2645, #1947, #3182 ) ) ;
#2344 =( NAMED_UNIT ( * ) SI_UNIT ( $, .STERADIAN. ) SOLID_ANGLE_UNIT ( ) );
#2345 = LINE ( 'NONE', #2507, #810 ) ;
#2346 = FILL_AREA_STYLE_COLOUR ( '', #2517 ) ;
#2347 = CARTESIAN_POINT ( 'NONE',  ( 0.3001828170652101613, -0.9539392014169461032, -9.991982760414565145E-15 ) ) ;
#2348 = ORIENTED_EDGE ( 'NONE', *, *, #184, .F. ) ;
#2349 = DIRECTION ( 'NONE',  ( -1.225395090972673483E-16, 1.000000000000000000, 0.000000000000000000 ) ) ;
#2350 = DIRECTION ( 'NONE',  ( -1.000000000000000000, 0.000000000000000000, 0.000000000000000000 ) ) ;
#2351 = UNCERTAINTY_MEASURE_WITH_UNIT (LENGTH_MEASURE( 1.000000000000000082E-05 ), #2398, 'distance_accuracy_value', 'NONE');
#2352 = VECTOR ( 'NONE', #1125, 1000.000000000000000 ) ;
#2353 = EDGE_CURVE ( 'NONE', #2589, #1921, #1221, .T. ) ;
#2354 = FILL_AREA_STYLE ('',( #370 ) ) ;
#2355 = ORIENTED_EDGE ( 'NONE', *, *, #153, .F. ) ;
#2356 = DIRECTION ( 'NONE',  ( -1.000000000000000000, 0.000000000000000000, 0.000000000000000000 ) ) ;
#2357 = SURFACE_SIDE_STYLE ('',( #852 ) ) ;
#2358 = EDGE_CURVE ( 'NONE', #2317, #1908, #1665, .T. ) ;
#2359 = ADVANCED_FACE ( 'NONE', ( #194 ), #2444, .T. ) ;
#2360 = DIRECTION ( 'NONE',  ( -0.000000000000000000, 1.000000000000000000, 1.047444401652940007E-14 ) ) ;
#2361 = EDGE_LOOP ( 'NONE', ( #427, #1317, #870, #1526 ) ) ;
#2362 = SURFACE_STYLE_USAGE ( .BOTH. , #151 ) ;
#2363 = CONICAL_SURFACE ( 'NONE', #279, 0.9300000000000000488, 0.7853981633974503884 ) ;
#2364 =( NAMED_UNIT ( * ) SI_UNIT ( $, .STERADIAN. ) SOLID_ANGLE_UNIT ( ) );
#2365 =( GEOMETRIC_REPRESENTATION_CONTEXT ( 3 ) GLOBAL_UNCERTAINTY_ASSIGNED_CONTEXT ( ( #2410 ) ) GLOBAL_UNIT_ASSIGNED_CONTEXT ( ( #1780, #2981, #1039 ) ) REPRESENTATION_CONTEXT ( 'NONE', 'WORKASPACE' ) );
#2366 = EDGE_LOOP ( 'NONE', ( #1942, #2526, #1555, #339 ) ) ;
#2367 = DIRECTION ( 'NONE',  ( -0.000000000000000000, -1.047444401652940007E-14, 1.000000000000000000 ) ) ;
#2368 = LINE ( 'NONE', #143, #3090 ) ;
#2369 = ADVANCED_FACE ( 'NONE', ( #482 ), #1693, .T. ) ;
#2370 = CIRCLE ( 'NONE', #959, 0.4999999999999990563 ) ;
#2371 = PLANE ( 'NONE',  #1893 ) ;
#2372 =( GEOMETRIC_REPRESENTATION_CONTEXT ( 3 ) GLOBAL_UNCERTAINTY_ASSIGNED_CONTEXT ( ( #2351 ) ) GLOBAL_UNIT_ASSIGNED_CONTEXT ( ( #2398, #2639, #138 ) ) REPRESENTATION_CONTEXT ( 'NONE', 'WORKASPACE' ) );
#2373 = VERTEX_POINT ( 'NONE', #1292 ) ;
#2374 = DIRECTION ( 'NONE',  ( -1.000000000000000000, 0.000000000000000000, 0.000000000000000000 ) ) ;
#2375 = LINE ( 'NONE', #3084, #528 ) ;
#2376 = PRESENTATION_STYLE_ASSIGNMENT (( #1583 ) ) ;
#2377 = EDGE_LOOP ( 'NONE', ( #2878, #2169 ) ) ;
#2378 = SURFACE_STYLE_USAGE ( .BOTH. , #1842 ) ;
#2379 = FACE_OUTER_BOUND ( 'NONE', #1640, .T. ) ;
#2380 = EDGE_CURVE ( 'NONE', #2373, #1193, #1347, .T. ) ;
#2381 = PRESENTATION_STYLE_ASSIGNMENT (( #2873 ) ) ;
#2382 =( NAMED_UNIT ( * ) PLANE_ANGLE_UNIT ( ) SI_UNIT ( $, .RADIAN. ) );
#2383 = CARTESIAN_POINT ( 'NONE',  ( -0.9298171829347847694, -5.760944209091153470E-15, 0.5499999999999983791 ) ) ;
#2384 = VERTEX_POINT ( 'NONE', #2980 ) ;
#2385 = FACE_OUTER_BOUND ( 'NONE', #1873, .T. ) ;
#2386 = FILL_AREA_STYLE_COLOUR ( '', #1479 ) ;
#2387 = ORIENTED_EDGE ( 'NONE', *, *, #2160, .F. ) ;
#2388 = CARTESIAN_POINT ( 'NONE',  ( -0.9998171829347854977, 0.000000000000000000, 0.000000000000000000 ) ) ;
#2389 = PRESENTATION_LAYER_ASSIGNMENT (  '', '', ( #1143 ) ) ;
#2390 = AXIS2_PLACEMENT_3D ( 'NONE', #2682, #1553, #3047 ) ;
#2391 = VECTOR ( 'NONE', #1209, 1000.000000000000000 ) ;
#2392 = CARTESIAN_POINT ( 'NONE',  ( -0.9998171829347785033, 0.4330127018922233506, 4.535567304416228091E-15 ) ) ;
#2393 = DIRECTION ( 'NONE',  ( 0.000000000000000000, 1.000000000000000000, 1.047444401652940007E-14 ) ) ;
#2394 = ORIENTED_EDGE ( 'NONE', *, *, #1667, .F. ) ;
#2395 = AXIS2_PLACEMENT_3D ( 'NONE', #1974, #2965, #2788 ) ;
#2396 = SURFACE_STYLE_FILL_AREA ( #1863 ) ;
#2397 = PRESENTATION_STYLE_ASSIGNMENT (( #136 ) ) ;
#2398 =( LENGTH_UNIT ( ) NAMED_UNIT ( * ) SI_UNIT ( .MILLI., .METRE. ) );
#2399 = EDGE_CURVE ( 'NONE', #53, #2634, #1755, .T. ) ;
#2400 = VERTEX_POINT ( 'NONE', #531 ) ;
#2401 = DIRECTION ( 'NONE',  ( -1.110223024625159992E-16, 1.000000000000000000, 1.047444401652940007E-14 ) ) ;
#2402 = EDGE_LOOP ( 'NONE', ( #2387, #2832, #2137, #968 ) ) ;
#2403 = DIRECTION ( 'NONE',  ( 1.000000000000000000, 0.000000000000000000, 0.000000000000000000 ) ) ;
#2404 = STYLED_ITEM ( 'NONE', ( #2501 ), #957 ) ;
#2405 = DIRECTION ( 'NONE',  ( 0.000000000000000000, 1.047444401652940007E-14, -1.000000000000000000 ) ) ;
#2406 = CARTESIAN_POINT ( 'NONE',  ( 0.0001828170652154459397, -5.027733127934125127E-15, 0.4800000000000012590 ) ) ;
#2407 = VERTEX_POINT ( 'NONE', #2293 ) ;
#2408 = PLANE ( 'NONE',  #915 ) ;
#2409 = SURFACE_STYLE_FILL_AREA ( #3162 ) ;
#2410 = UNCERTAINTY_MEASURE_WITH_UNIT (LENGTH_MEASURE( 1.000000000000000082E-05 ), #1780, 'distance_accuracy_value', 'NONE');
#2411 = EDGE_LOOP ( 'NONE', ( #1137, #2156, #658, #497 ) ) ;
#2412 = CARTESIAN_POINT ( 'NONE',  ( 0.000000000000000000, 0.000000000000000000, 0.000000000000000000 ) ) ;
#2413 = AXIS2_PLACEMENT_3D ( 'NONE', #431, #2218, #2901 ) ;
#2414 = STYLED_ITEM ( 'NONE', ( #2922 ), #1666 ) ;
#2415 = EDGE_CURVE ( 'NONE', #2611, #1711, #2308, .T. ) ;
#2416 = VECTOR ( 'NONE', #798, 1000.000000000000000 ) ;
#2417 = VERTEX_POINT ( 'NONE', #3029 ) ;
#2418 = DIRECTION ( 'NONE',  ( 1.000000000000000000, 0.000000000000000000, 0.000000000000000000 ) ) ;
#2419 =( GEOMETRIC_REPRESENTATION_CONTEXT ( 3 ) GLOBAL_UNCERTAINTY_ASSIGNED_CONTEXT ( ( #2924 ) ) GLOBAL_UNIT_ASSIGNED_CONTEXT ( ( #385, #2099, #2815 ) ) REPRESENTATION_CONTEXT ( 'NONE', 'WORKASPACE' ) );
#2420 = SURFACE_SIDE_STYLE ('',( #1659 ) ) ;
#2421 = AXIS2_PLACEMENT_3D ( 'NONE', #170, #2367, #142 ) ;
#2422 =( GEOMETRIC_REPRESENTATION_CONTEXT ( 3 ) GLOBAL_UNCERTAINTY_ASSIGNED_CONTEXT ( ( #2315 ) ) GLOBAL_UNIT_ASSIGNED_CONTEXT ( ( #2530, #286, #2268 ) ) REPRESENTATION_CONTEXT ( 'NONE', 'WORKASPACE' ) );
#2423 = DIRECTION ( 'NONE',  ( 0.000000000000000000, 0.000000000000000000, 1.000000000000000000 ) ) ;
#2424 = EDGE_LOOP ( 'NONE', ( #2887, #1268, #1115, #2746 ) ) ;
#2425 = CARTESIAN_POINT ( 'NONE',  ( 0.3001828170652101613, -1.300000000000003819, 0.3499999999999859890 ) ) ;
#2426 =( NAMED_UNIT ( * ) SI_UNIT ( $, .STERADIAN. ) SOLID_ANGLE_UNIT ( ) );
#2427 =( GEOMETRIC_REPRESENTATION_CONTEXT ( 3 ) GLOBAL_UNCERTAINTY_ASSIGNED_CONTEXT ( ( #2865 ) ) GLOBAL_UNIT_ASSIGNED_CONTEXT ( ( #1265, #1530, #35 ) ) REPRESENTATION_CONTEXT ( 'NONE', 'WORKASPACE' ) );
#2428 = VECTOR ( 'NONE', #2609, 1000.000000000000000 ) ;
#2429 = EDGE_CURVE ( 'NONE', #2384, #2400, #2028, .T. ) ;
#2430 = CIRCLE ( 'NONE', #1431, 0.2999999999999999334 ) ;
#2431 = VERTEX_POINT ( 'NONE', #1764 ) ;
#2432 = ADVANCED_FACE ( 'NONE', ( #998 ), #2775, .T. ) ;
#2433 = STYLED_ITEM ( 'NONE', ( #695 ), #238 ) ;
#2434 = VERTEX_POINT ( 'NONE', #2006 ) ;
#2435 = CARTESIAN_POINT ( 'NONE',  ( 1.500182817065209839, 0.8999999999999984679, 0.1500000000000102640 ) ) ;
#2436 = CARTESIAN_POINT ( 'NONE',  ( 0.3001828170652101613, -0.6500000000000015765, 0.1499999999999940270 ) ) ;
#2437 = DIRECTION ( 'NONE',  ( 0.000000000000000000, -1.047444401652940007E-14, 1.000000000000000000 ) ) ;
#2438 = SURFACE_SIDE_STYLE ('',( #2885 ) ) ;
#2439 = ORIENTED_EDGE ( 'NONE', *, *, #1022, .F. ) ;
#2440 = DIRECTION ( 'NONE',  ( -0.7071067811865489050, 7.406550393246779070E-15, -0.7071067811865460184 ) ) ;
#2441 = CIRCLE ( 'NONE', #1600, 0.2500000000000000000 ) ;
#2442 = MECHANICAL_DESIGN_GEOMETRIC_PRESENTATION_REPRESENTATION (  '', ( #2278 ), #1749 ) ;
#2443 = CARTESIAN_POINT ( 'NONE',  ( -0.4240812516466893611, 0.3499999999999950928, 0.4500000000000026756 ) ) ;
#2444 = CYLINDRICAL_SURFACE ( 'NONE', #883, 0.5500000000000000444 ) ;
#2445 = CIRCLE ( 'NONE', #1035, 1.000000000000000000 ) ;
#2446 =( GEOMETRIC_REPRESENTATION_CONTEXT ( 3 ) GLOBAL_UNCERTAINTY_ASSIGNED_CONTEXT ( ( #2643 ) ) GLOBAL_UNIT_ASSIGNED_CONTEXT ( ( #1020, #1896, #2344 ) ) REPRESENTATION_CONTEXT ( 'NONE', 'WORKASPACE' ) );
#2447 = MECHANICAL_DESIGN_GEOMETRIC_PRESENTATION_REPRESENTATION (  '', ( #1805 ), #1756 ) ;
#2448 = ORIENTED_EDGE ( 'NONE', *, *, #2936, .T. ) ;
#2449 = CARTESIAN_POINT ( 'NONE',  ( -0.2498171829347778372, -0.2009885622606450983, -2.105243443361860554E-15 ) ) ;
#2450 = EDGE_CURVE ( 'NONE', #1185, #733, #1796, .T. ) ;
#2451 = ORIENTED_EDGE ( 'NONE', *, *, #2148, .F. ) ;
#2452 = LINE ( 'NONE', #2436, #2309 ) ;
#2453 = CYLINDRICAL_SURFACE ( 'NONE', #2157, 0.2999999999999999334 ) ;
#2454 = DIRECTION ( 'NONE',  ( -1.000000000000000000, 0.000000000000000000, 0.000000000000000000 ) ) ;
#2455 = ORIENTED_EDGE ( 'NONE', *, *, #1050, .T. ) ;
#2456 = DIRECTION ( 'NONE',  ( 0.000000000000000000, 1.047444401652940007E-14, -1.000000000000000000 ) ) ;
#2457 = SURFACE_STYLE_USAGE ( .BOTH. , #212 ) ;
#2458 = DIRECTION ( 'NONE',  ( 1.000000000000000000, 0.000000000000000000, 0.000000000000000000 ) ) ;
#2459 = CARTESIAN_POINT ( 'NONE',  ( -0.9998171829347854977, -7.541599691901152586E-15, 0.7199999999999984190 ) ) ;
#2460 =( NAMED_UNIT ( * ) SI_UNIT ( $, .STERADIAN. ) SOLID_ANGLE_UNIT ( ) );
#2461 = ORIENTED_EDGE ( 'NONE', *, *, #2792, .T. ) ;
#2462 = VERTEX_POINT ( 'NONE', #1556 ) ;
#2463 = EDGE_CURVE ( 'NONE', #953, #449, #277, .T. ) ;
#2464 = MECHANICAL_DESIGN_GEOMETRIC_PRESENTATION_REPRESENTATION (  '', ( #794 ), #22 ) ;
#2465 = DIRECTION ( 'NONE',  ( 0.000000000000000000, 1.047444401652940007E-14, -1.000000000000000000 ) ) ;
#2466 = EDGE_CURVE ( 'NONE', #303, #2490, #2054, .T. ) ;
#2467 = STYLED_ITEM ( 'NONE', ( #1886 ), #1644 ) ;
#2468 = DIRECTION ( 'NONE',  ( 0.000000000000000000, -1.047444401652940007E-14, 1.000000000000000000 ) ) ;
#2469 = CARTESIAN_POINT ( 'NONE',  ( 1.300182817065210994, -1.300000000000000266, -1.361677722148822166E-14 ) ) ;
#2470 = EDGE_LOOP ( 'NONE', ( #2531, #1860, #32, #1890 ) ) ;
#2471 = FACE_OUTER_BOUND ( 'NONE', #2053, .T. ) ;
#2472 = PRESENTATION_LAYER_ASSIGNMENT (  '', '', ( #1833 ) ) ;
#2473 = FACE_OUTER_BOUND ( 'NONE', #975, .T. ) ;
#2474 = AXIS2_PLACEMENT_3D ( 'NONE', #859, #1725, #1363 ) ;
#2475 = ORIENTED_EDGE ( 'NONE', *, *, #2463, .F. ) ;
#2476 = VECTOR ( 'NONE', #864, 1000.000000000000114 ) ;
#2477 = ADVANCED_FACE ( 'NONE', ( #776 ), #1810, .T. ) ;
#2478 = ORIENTED_EDGE ( 'NONE', *, *, #1545, .T. ) ;
#2479 = DIRECTION ( 'NONE',  ( 0.000000000000000000, -1.047444401652940007E-14, 1.000000000000000000 ) ) ;
#2480 = MECHANICAL_DESIGN_GEOMETRIC_PRESENTATION_REPRESENTATION (  '', ( #3163 ), #2585 ) ;
#2481 = SURFACE_SIDE_STYLE ('',( #1489 ) ) ;
#2482 = DIRECTION ( 'NONE',  ( 0.000000000000000000, -1.047444401652940007E-14, 1.000000000000000000 ) ) ;
#2483 = ORIENTED_EDGE ( 'NONE', *, *, #1104, .F. ) ;
#2484 = CARTESIAN_POINT ( 'NONE',  ( 0.0001828170652154459397, -1.235984393950469807E-14, 1.180000000000000604 ) ) ;
#2485 = FILL_AREA_STYLE_COLOUR ( '', #614 ) ;
#2486 = PRESENTATION_LAYER_ASSIGNMENT (  '', '', ( #3178 ) ) ;
#2487 = MECHANICAL_DESIGN_GEOMETRIC_PRESENTATION_REPRESENTATION (  '', ( #3060 ), #1911 ) ;
#2488 = MECHANICAL_DESIGN_GEOMETRIC_PRESENTATION_REPRESENTATION (  '', ( #1915 ), #982 ) ;
#2489 = SURFACE_STYLE_FILL_AREA ( #990 ) ;
#2490 = VERTEX_POINT ( 'NONE', #150 ) ;
#2491 = DIRECTION ( 'NONE',  ( -1.000000000000000000, 0.000000000000000000, 0.000000000000000000 ) ) ;
#2492 = VECTOR ( 'NONE', #2024, 1000.000000000000000 ) ;
#2493 = VECTOR ( 'NONE', #724, 1000.000000000000000 ) ;
#2494 = ORIENTED_EDGE ( 'NONE', *, *, #413, .F. ) ;
#2495 =( LENGTH_UNIT ( ) NAMED_UNIT ( * ) SI_UNIT ( .MILLI., .METRE. ) );
#2496 = LINE ( 'NONE', #1062, #1779 ) ;
#2497 = CIRCLE ( 'NONE', #2911, 0.1700000000000000122 ) ;
#2498 = DIRECTION ( 'NONE',  ( 0.000000000000000000, 1.047444401652940007E-14, -1.000000000000000000 ) ) ;
#2499 = ORIENTED_EDGE ( 'NONE', *, *, #1015, .F. ) ;
#2500 = CARTESIAN_POINT ( 'NONE',  ( 0.4244468857771063752, -0.3500000000000037526, 0.3499999999999959255 ) ) ;
#2501 = PRESENTATION_STYLE_ASSIGNMENT (( #30 ) ) ;
#2502 = FACE_OUTER_BOUND ( 'NONE', #2424, .T. ) ;
#2503 = CARTESIAN_POINT ( 'NONE',  ( 0.0001828170652154459397, -4.713499807438219774E-15, 0.4499999999999990119 ) ) ;
#2504 = EDGE_CURVE ( 'NONE', #163, #303, #2844, .T. ) ;
#2505 = PRESENTATION_LAYER_ASSIGNMENT (  '', '', ( #2404 ) ) ;
#2506 =( NAMED_UNIT ( * ) SI_UNIT ( $, .STERADIAN. ) SOLID_ANGLE_UNIT ( ) );
#2507 = CARTESIAN_POINT ( 'NONE',  ( -4.318768448973789198, 0.8999999999999995781, 9.426999614876455326E-15 ) ) ;
#2508 = DIRECTION ( 'NONE',  ( 2.220446049250309876E-16, -1.000000000000000000, -1.047444401652940007E-14 ) ) ;
#2509 = VERTEX_POINT ( 'NONE', #598 ) ;
#2510 = DIRECTION ( 'NONE',  ( 0.000000000000000000, 1.000000000000000000, 1.047444401652940007E-14 ) ) ;
#2511 = LINE ( 'NONE', #2266, #369 ) ;
#2512 = LINE ( 'NONE', #2018, #2416 ) ;
#2513 = CARTESIAN_POINT ( 'NONE',  ( 0.0001828170652154459397, -4.713499807438219774E-15, 0.4499999999999990119 ) ) ;
#2514 = ORIENTED_EDGE ( 'NONE', *, *, #2941, .F. ) ;
#2515 = CARTESIAN_POINT ( 'NONE',  ( -0.4240812516466893611, 0.3499999999999961475, 0.3500000000000033085 ) ) ;
#2516 = EDGE_CURVE ( 'NONE', #2713, #3155, #134, .T. ) ;
#2517 = COLOUR_RGB ( '',0.8509803921568627194, 0.8509803921568627194, 0.8509803921568627194 ) ;
#2518 = SURFACE_STYLE_FILL_AREA ( #259 ) ;
#2519 = EDGE_LOOP ( 'NONE', ( #241, #764, #616, #2355 ) ) ;
#2520 =( GEOMETRIC_REPRESENTATION_CONTEXT ( 3 ) GLOBAL_UNCERTAINTY_ASSIGNED_CONTEXT ( ( #885 ) ) GLOBAL_UNIT_ASSIGNED_CONTEXT ( ( #368, #1080, #1624 ) ) REPRESENTATION_CONTEXT ( 'NONE', 'WORKASPACE' ) );
#2521 = PRESENTATION_STYLE_ASSIGNMENT (( #2999 ) ) ;
#2522 = PRESENTATION_LAYER_ASSIGNMENT (  '', '', ( #3206 ) ) ;
#2523 = CARTESIAN_POINT ( 'NONE',  ( 0.2501828170652156680, -1.078867733702527860E-14, 1.029999999999999583 ) ) ;
#2524 = ORIENTED_EDGE ( 'NONE', *, *, #2358, .T. ) ;
#2525 =( LENGTH_UNIT ( ) NAMED_UNIT ( * ) SI_UNIT ( .MILLI., .METRE. ) );
#2526 = ORIENTED_EDGE ( 'NONE', *, *, #2802, .T. ) ;
#2527 = DIRECTION ( 'NONE',  ( 0.000000000000000000, 1.047444401652940007E-14, -1.000000000000000000 ) ) ;
#2528 = DIRECTION ( 'NONE',  ( 0.000000000000000000, 1.047444401652940007E-14, -1.000000000000000000 ) ) ;
#2529 = AXIS2_PLACEMENT_3D ( 'NONE', #1426, #191, #1928 ) ;
#2530 =( LENGTH_UNIT ( ) NAMED_UNIT ( * ) SI_UNIT ( .MILLI., .METRE. ) );
#2531 = ORIENTED_EDGE ( 'NONE', *, *, #682, .T. ) ;
#2532 =( NAMED_UNIT ( * ) SI_UNIT ( $, .STERADIAN. ) SOLID_ANGLE_UNIT ( ) );
#2533 = CARTESIAN_POINT ( 'NONE',  ( 1.000182817065209395, -7.541599691901152586E-15, 0.7199999999999984190 ) ) ;
#2534 = FILL_AREA_STYLE_COLOUR ( '', #716 ) ;
#2535 = CARTESIAN_POINT ( 'NONE',  ( -0.2498171829347847761, -7.332110811570572157E-15, 0.6999999999999992895 ) ) ;
#2536 =( LENGTH_UNIT ( ) NAMED_UNIT ( * ) SI_UNIT ( .MILLI., .METRE. ) );
#2537 = PRODUCT ( 'U.FL-R-SMT-1', 'U.FL-R-SMT-1', '', ( #3183 ) ) ;
#2538 =( NAMED_UNIT ( * ) SI_UNIT ( $, .STERADIAN. ) SOLID_ANGLE_UNIT ( ) );
#2539 =( GEOMETRIC_REPRESENTATION_CONTEXT ( 3 ) GLOBAL_UNCERTAINTY_ASSIGNED_CONTEXT ( ( #553 ) ) GLOBAL_UNIT_ASSIGNED_CONTEXT ( ( #2307, #1067, #2052 ) ) REPRESENTATION_CONTEXT ( 'NONE', 'WORKASPACE' ) );
#2540 = UNCERTAINTY_MEASURE_WITH_UNIT (LENGTH_MEASURE( 1.000000000000000082E-05 ), #356, 'distance_accuracy_value', 'NONE');
#2541 = STYLED_ITEM ( 'NONE', ( #1053 ), #2432 ) ;
#2542 = ORIENTED_EDGE ( 'NONE', *, *, #3005, .T. ) ;
#2543 = FACE_OUTER_BOUND ( 'NONE', #121, .T. ) ;
#2544 = UNCERTAINTY_MEASURE_WITH_UNIT (LENGTH_MEASURE( 1.000000000000000082E-05 ), #711, 'distance_accuracy_value', 'NONE');
#2545 = CIRCLE ( 'NONE', #262, 0.2999999999999999334 ) ;
#2546 = DIRECTION ( 'NONE',  ( 0.000000000000000000, 1.047444401652940007E-14, -1.000000000000000000 ) ) ;
#2547 = ORIENTED_EDGE ( 'NONE', *, *, #2020, .T. ) ;
#2548 =( NAMED_UNIT ( * ) PLANE_ANGLE_UNIT ( ) SI_UNIT ( $, .RADIAN. ) );
#2549 = PRESENTATION_STYLE_ASSIGNMENT (( #2025 ) ) ;
#2550 = CARTESIAN_POINT ( 'NONE',  ( 0.0001828170652154459397, -4.713499807438219774E-15, 0.4499999999999990119 ) ) ;
#2551 = DIRECTION ( 'NONE',  ( 0.000000000000000000, 1.047444401652940007E-14, -1.000000000000000000 ) ) ;
#2552 = CARTESIAN_POINT ( 'NONE',  ( 1.000182817065209395, 1.299999999999999822, 1.361677722148821851E-14 ) ) ;
#2553 = CYLINDRICAL_SURFACE ( 'NONE', #1939, 0.2999999999999999334 ) ;
#2554 = FACE_OUTER_BOUND ( 'NONE', #2755, .T. ) ;
#2555 = VERTEX_POINT ( 'NONE', #1631 ) ;
#2556 = CARTESIAN_POINT ( 'NONE',  ( 0.3001828170652101613, 1.549999999999998490, 0.1500000000000170641 ) ) ;
#2557 = ADVANCED_FACE ( 'NONE', ( #2635 ), #1809, .T. ) ;
#2558 = SURFACE_SIDE_STYLE ('',( #144 ) ) ;
#2559 = VERTEX_POINT ( 'NONE', #1344 ) ;
#2560 = SURFACE_SIDE_STYLE ('',( #594 ) ) ;
#2561 = EDGE_CURVE ( 'NONE', #3155, #321, #2545, .T. ) ;
#2562 = EDGE_CURVE ( 'NONE', #1935, #1343, #465, .T. ) ;
#2563 = CARTESIAN_POINT ( 'NONE',  ( 0.0001828170652154459397, -1.309305502066176270E-14, 1.250000000000001110 ) ) ;
#2564 = VECTOR ( 'NONE', #826, 1000.000000000000000 ) ;
#2565 = LINE ( 'NONE', #342, #860 ) ;
#2566 = VECTOR ( 'NONE', #914, 1000.000000000000000 ) ;
#2567 = DIRECTION ( 'NONE',  ( -1.000000000000000000, 0.000000000000000000, 0.000000000000000000 ) ) ;
#2568 = VECTOR ( 'NONE', #1245, 1000.000000000000000 ) ;
#2569 = UNCERTAINTY_MEASURE_WITH_UNIT (LENGTH_MEASURE( 1.000000000000000082E-05 ), #2048, 'distance_accuracy_value', 'NONE');
#2570 = MECHANICAL_DESIGN_GEOMETRIC_PRESENTATION_REPRESENTATION (  '', ( #2729 ), #609 ) ;
#2571 = VERTEX_POINT ( 'NONE', #2073 ) ;
#2572 =( LENGTH_UNIT ( ) NAMED_UNIT ( * ) SI_UNIT ( .MILLI., .METRE. ) );
#2573 = CARTESIAN_POINT ( 'NONE',  ( -0.2998171829347862083, -1.550000000000002265, 0.1999999999999825528 ) ) ;
#2574 = SURFACE_STYLE_FILL_AREA ( #589 ) ;
#2575 = PRODUCT_DEFINITION_CONTEXT ( 'detailed design', #793, 'design' ) ;
#2576 = SURFACE_STYLE_USAGE ( .BOTH. , #1315 ) ;
#2577 = ORIENTED_EDGE ( 'NONE', *, *, #1778, .T. ) ;
#2578 = CYLINDRICAL_SURFACE ( 'NONE', #45, 0.1750000000000037637 ) ;
#2579 = DIRECTION ( 'NONE',  ( 0.000000000000000000, 1.000000000000000000, 1.047444401652939849E-14 ) ) ;
#2580 = COLOUR_RGB ( '',0.8431372549019607865, 0.8156862745098039102, 0.7529411764705882248 ) ;
#2581 =( NAMED_UNIT ( * ) SI_UNIT ( $, .STERADIAN. ) SOLID_ANGLE_UNIT ( ) );
#2582 = ORIENTED_EDGE ( 'NONE', *, *, #1218, .T. ) ;
#2583 = CARTESIAN_POINT ( 'NONE',  ( 0.0001828170652154459397, -5.760944209091153470E-15, 0.5499999999999983791 ) ) ;
#2584 = DIRECTION ( 'NONE',  ( 0.000000000000000000, -1.000000000000000000, -1.047444401652940007E-14 ) ) ;
#2585 =( GEOMETRIC_REPRESENTATION_CONTEXT ( 3 ) GLOBAL_UNCERTAINTY_ASSIGNED_CONTEXT ( ( #1150 ) ) GLOBAL_UNIT_ASSIGNED_CONTEXT ( ( #1249, #1955, #2723 ) ) REPRESENTATION_CONTEXT ( 'NONE', 'WORKASPACE' ) );
#2586 = CARTESIAN_POINT ( 'NONE',  ( 0.0001828170652154459397, -1.309305502066176270E-14, 1.250000000000001110 ) ) ;
#2587 = PRESENTATION_STYLE_ASSIGNMENT (( #100 ) ) ;
#2588 = VECTOR ( 'NONE', #803, 1000.000000000000000 ) ;
#2589 = VERTEX_POINT ( 'NONE', #115 ) ;
#2590 = LINE ( 'NONE', #3116, #679 ) ;
#2591 = DIRECTION ( 'NONE',  ( 0.000000000000000000, 1.000000000000000000, 1.047444401652940007E-14 ) ) ;
#2592 = MECHANICAL_DESIGN_GEOMETRIC_PRESENTATION_REPRESENTATION (  '', ( #2740 ), #1454 ) ;
#2593 = EDGE_CURVE ( 'NONE', #8, #1921, #1291, .T. ) ;
#2594 = VECTOR ( 'NONE', #1484, 1000.000000000000000 ) ;
#2595 = VECTOR ( 'NONE', #3192, 1000.000000000000000 ) ;
#2596 = FILL_AREA_STYLE ('',( #3121 ) ) ;
#2597 = VERTEX_POINT ( 'NONE', #663 ) ;
#2598 = CARTESIAN_POINT ( 'NONE',  ( 1.000182817065209395, -1.235984393950469807E-14, 1.180000000000000604 ) ) ;
#2599 = SURFACE_STYLE_USAGE ( .BOTH. , #2884 ) ;
#2600 = COLOUR_RGB ( '',0.8431372549019607865, 0.8156862745098039102, 0.7529411764705882248 ) ;
#2601 =( LENGTH_UNIT ( ) NAMED_UNIT ( * ) SI_UNIT ( .MILLI., .METRE. ) );
#2602 = CARTESIAN_POINT ( 'NONE',  ( -0.2998171829347862083, -0.6500000000000015765, 0.1499999999999940270 ) ) ;
#2603 = ORIENTED_EDGE ( 'NONE', *, *, #935, .T. ) ;
#2604 = DIRECTION ( 'NONE',  ( 0.000000000000000000, 1.000000000000000000, 1.047444401652940007E-14 ) ) ;
#2605 = FILL_AREA_STYLE_COLOUR ( '', #1891 ) ;
#2606 = PRESENTATION_STYLE_ASSIGNMENT (( #2159 ) ) ;
#2607 = EDGE_CURVE ( 'NONE', #2088, #1418, #375, .T. ) ;
#2608 =( GEOMETRIC_REPRESENTATION_CONTEXT ( 3 ) GLOBAL_UNCERTAINTY_ASSIGNED_CONTEXT ( ( #2764 ) ) GLOBAL_UNIT_ASSIGNED_CONTEXT ( ( #1085, #2806, #2771 ) ) REPRESENTATION_CONTEXT ( 'NONE', 'WORKASPACE' ) );
#2609 = DIRECTION ( 'NONE',  ( 1.000000000000000000, 0.000000000000000000, 0.000000000000000000 ) ) ;
#2610 = EDGE_CURVE ( 'NONE', #2035, #1412, #829, .T. ) ;
#2611 = VERTEX_POINT ( 'NONE', #94 ) ;
#2612 = CARTESIAN_POINT ( 'NONE',  ( -1.299817182934787096, 0.9999999999999997780, 1.047444401652939691E-14 ) ) ;
#2613 = ADVANCED_FACE ( 'NONE', ( #3072, #176 ), #1172, .F. ) ;
#2614 = ORIENTED_EDGE ( 'NONE', *, *, #2821, .F. ) ;
#2615 = DIRECTION ( 'NONE',  ( 0.000000000000000000, 1.047444401652940007E-14, -1.000000000000000000 ) ) ;
#2616 = FILL_AREA_STYLE ('',( #1617 ) ) ;
#2617 = VERTEX_POINT ( 'NONE', #969 ) ;
#2618 = CARTESIAN_POINT ( 'NONE',  ( -4.318768448973789198, 0.4330127018922231286, 4.535567304416225724E-15 ) ) ;
#2619 = SURFACE_STYLE_FILL_AREA ( #135 ) ;
#2620 = DIRECTION ( 'NONE',  ( -1.000000000000000000, 0.000000000000000000, 0.000000000000000000 ) ) ;
#2621 = SURFACE_SIDE_STYLE ('',( #2409 ) ) ;
#2622 = CARTESIAN_POINT ( 'NONE',  ( 0.0001828170652154459397, -3.666055405785286079E-15, 0.3499999999999996447 ) ) ;
#2623 = ORIENTED_EDGE ( 'NONE', *, *, #364, .F. ) ;
#2624 = CARTESIAN_POINT ( 'NONE',  ( 1.000182817065209395, 0.9999999999999997780, 1.047444401652939691E-14 ) ) ;
#2625 =( GEOMETRIC_REPRESENTATION_CONTEXT ( 3 ) GLOBAL_UNCERTAINTY_ASSIGNED_CONTEXT ( ( #2146 ) ) GLOBAL_UNIT_ASSIGNED_CONTEXT ( ( #1832, #2081, #2319 ) ) REPRESENTATION_CONTEXT ( 'NONE', 'WORKASPACE' ) );
#2626 = DIRECTION ( 'NONE',  ( -1.000000000000000000, 0.000000000000000000, 0.000000000000000000 ) ) ;
#2627 = LINE ( 'NONE', #1876, #958 ) ;
#2628 = COLOUR_RGB ( '',0.8509803921568627194, 0.8509803921568627194, 0.8509803921568627194 ) ;
#2629 = ORIENTED_EDGE ( 'NONE', *, *, #2941, .T. ) ;
#2630 = CARTESIAN_POINT ( 'NONE',  ( -4.318768448973789198, -1.550000000000002265, 0.1999999999999825528 ) ) ;
#2631 = FILL_AREA_STYLE ('',( #3108 ) ) ;
#2632 =( NAMED_UNIT ( * ) SI_UNIT ( $, .STERADIAN. ) SOLID_ANGLE_UNIT ( ) );
#2633 = COLOUR_RGB ( '',0.9686274509803921573, 0.8784313725490195957, 0.5999999999999999778 ) ;
#2634 = VERTEX_POINT ( 'NONE', #2170 ) ;
#2635 = FACE_OUTER_BOUND ( 'NONE', #2189, .T. ) ;
#2636 = DIRECTION ( 'NONE',  ( 0.000000000000000000, 1.047444401652940007E-14, -1.000000000000000000 ) ) ;
#2637 = COLOUR_RGB ( '',0.8509803921568627194, 0.8509803921568627194, 0.8509803921568627194 ) ;
#2638 = DIRECTION ( 'NONE',  ( -1.000000000000000000, -2.220446049250309876E-16, -2.325793783459625239E-30 ) ) ;
#2639 =( NAMED_UNIT ( * ) PLANE_ANGLE_UNIT ( ) SI_UNIT ( $, .RADIAN. ) );
#2640 = UNCERTAINTY_MEASURE_WITH_UNIT (LENGTH_MEASURE( 1.000000000000000082E-05 ), #3213, 'distance_accuracy_value', 'NONE');
#2641 = ORIENTED_EDGE ( 'NONE', *, *, #2, .T. ) ;
#2642 = LINE ( 'NONE', #415, #2974 ) ;
#2643 = UNCERTAINTY_MEASURE_WITH_UNIT (LENGTH_MEASURE( 1.000000000000000082E-05 ), #1020, 'distance_accuracy_value', 'NONE');
#2644 =( GEOMETRIC_REPRESENTATION_CONTEXT ( 3 ) GLOBAL_UNCERTAINTY_ASSIGNED_CONTEXT ( ( #2835 ) ) GLOBAL_UNIT_ASSIGNED_CONTEXT ( ( #1739, #2548, #2532 ) ) REPRESENTATION_CONTEXT ( 'NONE', 'WORKASPACE' ) );
#2645 = ORIENTED_EDGE ( 'NONE', *, *, #2005, .T. ) ;
#2646 = SURFACE_STYLE_USAGE ( .BOTH. , #2928 ) ;
#2647 = EDGE_CURVE ( 'NONE', #1355, #2417, #1962, .T. ) ;
#2648 = MECHANICAL_DESIGN_GEOMETRIC_PRESENTATION_REPRESENTATION (  '', ( #1601 ), #99 ) ;
#2649 = COLOUR_RGB ( '',0.8509803921568627194, 0.8509803921568627194, 0.8509803921568627194 ) ;
#2650 = AXIS2_PLACEMENT_3D ( 'NONE', #487, #1460, #2971 ) ;
#2651 = ORIENTED_EDGE ( 'NONE', *, *, #2895, .F. ) ;
#2652 = DIRECTION ( 'NONE',  ( 0.7071067811865474617, 7.406550393246796425E-15, -0.7071067811865474617 ) ) ;
#2653 = VECTOR ( 'NONE', #893, 1000.000000000000000 ) ;
#2654 = STYLED_ITEM ( 'NONE', ( #1127 ), #2557 ) ;
#2655 =( LENGTH_UNIT ( ) NAMED_UNIT ( * ) SI_UNIT ( .MILLI., .METRE. ) );
#2656 = ORIENTED_EDGE ( 'NONE', *, *, #1898, .T. ) ;
#2657 = DIRECTION ( 'NONE',  ( 0.000000000000000000, 1.000000000000000000, 1.047444401652940007E-14 ) ) ;
#2658 = ORIENTED_EDGE ( 'NONE', *, *, #1967, .T. ) ;
#2659 =( NAMED_UNIT ( * ) SI_UNIT ( $, .STERADIAN. ) SOLID_ANGLE_UNIT ( ) );
#2660 = CARTESIAN_POINT ( 'NONE',  ( 1.000182817065209395, -1.300000000000000266, -1.361677722148822166E-14 ) ) ;
#2661 = AXIS2_PLACEMENT_3D ( 'NONE', #1741, #529, #1036 ) ;
#2662 = FILL_AREA_STYLE ('',( #224 ) ) ;
#2663 = PLANE ( 'NONE',  #1864 ) ;
#2664 = ORIENTED_EDGE ( 'NONE', *, *, #3079, .F. ) ;
#2665 =( LENGTH_UNIT ( ) NAMED_UNIT ( * ) SI_UNIT ( .MILLI., .METRE. ) );
#2666 = CARTESIAN_POINT ( 'NONE',  ( 1.500182817065209839, 0.8999999999999984679, 0.1500000000000102640 ) ) ;
#2667 =( LENGTH_UNIT ( ) NAMED_UNIT ( * ) SI_UNIT ( .MILLI., .METRE. ) );
#2668 = FILL_AREA_STYLE_COLOUR ( '', #418 ) ;
#2669 = EDGE_CURVE ( 'NONE', #3151, #1500, #954, .T. ) ;
#2670 = UNCERTAINTY_MEASURE_WITH_UNIT (LENGTH_MEASURE( 1.000000000000000082E-05 ), #2667, 'distance_accuracy_value', 'NONE');
#2671 = ORIENTED_EDGE ( 'NONE', *, *, #1303, .F. ) ;
#2672 = ORIENTED_EDGE ( 'NONE', *, *, #113, .T. ) ;
#2673 = PRESENTATION_STYLE_ASSIGNMENT (( #1194 ) ) ;
#2674 = PRESENTATION_LAYER_ASSIGNMENT (  '', '', ( #854 ) ) ;
#2675 =( NAMED_UNIT ( * ) SI_UNIT ( $, .STERADIAN. ) SOLID_ANGLE_UNIT ( ) );
#2676 = AXIS2_PLACEMENT_3D ( 'NONE', #1904, #1576, #347 ) ;
#2677 = VECTOR ( 'NONE', #1274, 1000.000000000000000 ) ;
#2678 = CARTESIAN_POINT ( 'NONE',  ( 0.02768525937161397943, 0.9136605562803651326, 0.4500000000000086153 ) ) ;
#2679 = ORIENTED_EDGE ( 'NONE', *, *, #57, .T. ) ;
#2680 = FACE_OUTER_BOUND ( 'NONE', #2002, .T. ) ;
#2681 =( NAMED_UNIT ( * ) SI_UNIT ( $, .STERADIAN. ) SOLID_ANGLE_UNIT ( ) );
#2682 = CARTESIAN_POINT ( 'NONE',  ( -0.2998171829347862083, 0.3999999999999999667, 4.189777606611759237E-15 ) ) ;
#2683 = CARTESIAN_POINT ( 'NONE',  ( -4.318768448973789198, -0.3500000000000037526, 0.3499999999999959255 ) ) ;
#2684 = STYLED_ITEM ( 'NONE', ( #2908 ), #96 ) ;
#2685 = COLOUR_RGB ( '',0.9686274509803921573, 0.8784313725490195957, 0.5999999999999999778 ) ;
#2686 = DIRECTION ( 'NONE',  ( -1.000000000000000000, 0.000000000000000000, 0.000000000000000000 ) ) ;
#2687 = EDGE_LOOP ( 'NONE', ( #1602, #1656, #1108, #1657, #2797, #593, #474, #1276 ) ) ;
#2688 = LINE ( 'NONE', #2939, #87 ) ;
#2689 = ORIENTED_EDGE ( 'NONE', *, *, #1462, .T. ) ;
#2690 = DIRECTION ( 'NONE',  ( 0.000000000000000000, 1.047444401652940007E-14, -1.000000000000000000 ) ) ;
#2691 = SURFACE_SIDE_STYLE ('',( #949 ) ) ;
#2692 =( GEOMETRIC_REPRESENTATION_CONTEXT ( 3 ) GLOBAL_UNCERTAINTY_ASSIGNED_CONTEXT ( ( #3021 ) ) GLOBAL_UNIT_ASSIGNED_CONTEXT ( ( #2495, #2956, #537 ) ) REPRESENTATION_CONTEXT ( 'NONE', 'WORKASPACE' ) );
#2693 = ORIENTED_EDGE ( 'NONE', *, *, #61, .T. ) ;
#2694 = CYLINDRICAL_SURFACE ( 'NONE', #3181, 0.5500000000000000444 ) ;
#2695 = MECHANICAL_DESIGN_GEOMETRIC_PRESENTATION_REPRESENTATION (  '', ( #2854 ), #362 ) ;
#2696 = CARTESIAN_POINT ( 'NONE',  ( 0.3001828170652379169, -0.2009885622605649680, -2.105243443361021601E-15 ) ) ;
#2697 =( GEOMETRIC_REPRESENTATION_CONTEXT ( 3 ) GLOBAL_UNCERTAINTY_ASSIGNED_CONTEXT ( ( #2544 ) ) GLOBAL_UNIT_ASSIGNED_CONTEXT ( ( #711, #2698, #2426 ) ) REPRESENTATION_CONTEXT ( 'NONE', 'WORKASPACE' ) );
#2698 =( NAMED_UNIT ( * ) PLANE_ANGLE_UNIT ( ) SI_UNIT ( $, .RADIAN. ) );
#2699 = PRESENTATION_LAYER_ASSIGNMENT (  '', '', ( #884 ) ) ;
#2700 = EDGE_CURVE ( 'NONE', #712, #27, #1866, .T. ) ;
#2701 = CIRCLE ( 'NONE', #891, 0.2200000000000000011 ) ;
#2702 = EDGE_LOOP ( 'NONE', ( #1285, #1836, #298, #1750, #702, #3114, #2679, #2012, #3169, #1361, #1918, #1047, #1457, #2927 ) ) ;
#2703 = PRESENTATION_STYLE_ASSIGNMENT (( #248 ) ) ;
#2704 = EDGE_CURVE ( 'NONE', #3001, #2462, #1413, .T. ) ;
#2705 = ORIENTED_EDGE ( 'NONE', *, *, #1604, .F. ) ;
#2706 = EDGE_CURVE ( 'NONE', #2925, #895, #2225, .T. ) ;
#2707 =( NAMED_UNIT ( * ) SI_UNIT ( $, .STERADIAN. ) SOLID_ANGLE_UNIT ( ) );
#2708 = ORIENTED_EDGE ( 'NONE', *, *, #2181, .T. ) ;
#2709 = DIRECTION ( 'NONE',  ( 0.000000000000000000, 1.000000000000000000, 1.053224967557324468E-14 ) ) ;
#2710 = CARTESIAN_POINT ( 'NONE',  ( 0.0001828170652154459397, -1.780655482809997932E-15, 0.1700000000000000122 ) ) ;
#2711 = FILL_AREA_STYLE_COLOUR ( '', #1988 ) ;
#2712 =( LENGTH_UNIT ( ) NAMED_UNIT ( * ) SI_UNIT ( .MILLI., .METRE. ) );
#2713 = VERTEX_POINT ( 'NONE', #939 ) ;
#2714 = FILL_AREA_STYLE_COLOUR ( '', #2259 ) ;
#2715 = ORIENTED_EDGE ( 'NONE', *, *, #1769, .T. ) ;
#2716 = CARTESIAN_POINT ( 'NONE',  ( -4.318768448973789198, -0.2009885622606487343, 0.3499999999999974798 ) ) ;
#2717 = VECTOR ( 'NONE', #2154, 1000.000000000000000 ) ;
#2718 = DIRECTION ( 'NONE',  ( 0.000000000000000000, -1.047444401652940007E-14, 1.000000000000000000 ) ) ;
#2719 = AXIS2_PLACEMENT_3D ( 'NONE', #3117, #2041, #2760 ) ;
#2720 = FACE_OUTER_BOUND ( 'NONE', #1933, .T. ) ;
#2721 = LINE ( 'NONE', #2220, #720 ) ;
#2722 = ORIENTED_EDGE ( 'NONE', *, *, #1545, .F. ) ;
#2723 =( NAMED_UNIT ( * ) SI_UNIT ( $, .STERADIAN. ) SOLID_ANGLE_UNIT ( ) );
#2724 = PRESENTATION_LAYER_ASSIGNMENT (  '', '', ( #1124 ) ) ;
#2725 = VECTOR ( 'NONE', #1925, 1000.000000000000000 ) ;
#2726 =( NAMED_UNIT ( * ) SI_UNIT ( $, .STERADIAN. ) SOLID_ANGLE_UNIT ( ) );
#2727 = CARTESIAN_POINT ( 'NONE',  ( -1.299817182934787096, 1.299999999999996048, 0.3500000000000132450 ) ) ;
#2728 = CARTESIAN_POINT ( 'NONE',  ( 0.9015706359312009033, -0.4330127018922231286, -4.535567304416225724E-15 ) ) ;
#2729 = STYLED_ITEM ( 'NONE', ( #1105 ), #1074 ) ;
#2730 = ORIENTED_EDGE ( 'NONE', *, *, #2912, .T. ) ;
#2731 = SURFACE_STYLE_USAGE ( .BOTH. , #766 ) ;
#2732 = ADVANCED_FACE ( 'NONE', ( #2680 ), #1189, .F. ) ;
#2733 = CARTESIAN_POINT ( 'NONE',  ( 0.0001828170652154459397, -3.666055405785286079E-15, 0.3499999999999996447 ) ) ;
#2734 = VERTEX_POINT ( 'NONE', #1475 ) ;
#2735 = DIRECTION ( 'NONE',  ( 0.000000000000000000, 1.047444401652940007E-14, -1.000000000000000000 ) ) ;
#2736 = PRODUCT_DEFINITION_SHAPE ( 'NONE', 'NONE',  #344 ) ;
#2737 = VECTOR ( 'NONE', #304, 1000.000000000000000 ) ;
#2738 = DIRECTION ( 'NONE',  ( 1.000000000000000000, 0.000000000000000000, 0.000000000000000000 ) ) ;
#2739 =( LENGTH_UNIT ( ) NAMED_UNIT ( * ) SI_UNIT ( .MILLI., .METRE. ) );
#2740 = STYLED_ITEM ( 'NONE', ( #1646 ), #1865 ) ;
#2741 = PRESENTATION_LAYER_ASSIGNMENT (  '', '', ( #1958 ) ) ;
#2742 = STYLED_ITEM ( 'NONE', ( #1690 ), #1931 ) ;
#2743 = LINE ( 'NONE', #2810, #1573 ) ;
#2744 = PRODUCT_RELATED_PRODUCT_CATEGORY ( 'part', '', ( #2537 ) ) ;
#2745 = PLANE ( 'NONE',  #3033 ) ;
#2746 = ORIENTED_EDGE ( 'NONE', *, *, #84, .T. ) ;
#2747 =( NAMED_UNIT ( * ) PLANE_ANGLE_UNIT ( ) SI_UNIT ( $, .RADIAN. ) );
#2748 = AXIS2_PLACEMENT_3D ( 'NONE', #44, #996, #3024 ) ;
#2749 = EDGE_CURVE ( 'NONE', #995, #2750, #60, .T. ) ;
#2750 = VERTEX_POINT ( 'NONE', #1306 ) ;
#2751 = CARTESIAN_POINT ( 'NONE',  ( -1.499817182934785942, 0.8999999999999984679, 0.1500000000000102640 ) ) ;
#2752 = CYLINDRICAL_SURFACE ( 'NONE', #3180, 1.000000000000000000 ) ;
#2753 = SURFACE_STYLE_USAGE ( .BOTH. , #3041 ) ;
#2754 = DIRECTION ( 'NONE',  ( 0.000000000000000000, -1.000000000000000000, -1.047444401652940007E-14 ) ) ;
#2755 = EDGE_LOOP ( 'NONE', ( #1687, #913, #65, #1630 ) ) ;
#2756 = SURFACE_SIDE_STYLE ('',( #1774 ) ) ;
#2757 = DIRECTION ( 'NONE',  ( 0.000000000000000000, -1.047444401652940007E-14, 1.000000000000000000 ) ) ;
#2758 = FILL_AREA_STYLE_COLOUR ( '', #3222 ) ;
#2759 = DIRECTION ( 'NONE',  ( 1.000000000000000000, 0.000000000000000000, 0.000000000000000000 ) ) ;
#2760 = DIRECTION ( 'NONE',  ( -1.000000000000000000, 0.000000000000000000, 0.000000000000000000 ) ) ;
#2761 = CARTESIAN_POINT ( 'NONE',  ( 1.000182817065209395, -0.2009885622606450983, -2.105243443361860554E-15 ) ) ;
#2762 = CARTESIAN_POINT ( 'NONE',  ( 1.000182817065209395, -3.666055405785286079E-15, 0.3499999999999996447 ) ) ;
#2763 = FILL_AREA_STYLE_COLOUR ( '', #2580 ) ;
#2764 = UNCERTAINTY_MEASURE_WITH_UNIT (LENGTH_MEASURE( 1.000000000000000082E-05 ), #1085, 'distance_accuracy_value', 'NONE');
#2765 = EDGE_LOOP ( 'NONE', ( #2147, #1433, #2804, #3209 ) ) ;
#2766 = FACE_OUTER_BOUND ( 'NONE', #201, .T. ) ;
#2767 = DIRECTION ( 'NONE',  ( 0.000000000000000000, 1.047444401652940007E-14, -1.000000000000000000 ) ) ;
#2768 = DIRECTION ( 'NONE',  ( 1.000000000000000000, 1.224646799147353207E-16, 1.282749433769087582E-30 ) ) ;
#2769 = CARTESIAN_POINT ( 'NONE',  ( 0.03018281706521075414, -1.078867733702527860E-14, 1.029999999999999583 ) ) ;
#2770 = EDGE_LOOP ( 'NONE', ( #739, #1190 ) ) ;
#2771 =( NAMED_UNIT ( * ) SI_UNIT ( $, .STERADIAN. ) SOLID_ANGLE_UNIT ( ) );
#2772 =( GEOMETRIC_REPRESENTATION_CONTEXT ( 3 ) GLOBAL_UNCERTAINTY_ASSIGNED_CONTEXT ( ( #426 ) ) GLOBAL_UNIT_ASSIGNED_CONTEXT ( ( #1144, #637, #2145 ) ) REPRESENTATION_CONTEXT ( 'NONE', 'WORKASPACE' ) );
#2773 = CARTESIAN_POINT ( 'NONE',  ( -0.2998171829347862083, 1.549999999999998490, 0.1500000000000170641 ) ) ;
#2774 =( NAMED_UNIT ( * ) PLANE_ANGLE_UNIT ( ) SI_UNIT ( $, .RADIAN. ) );
#2775 = CYLINDRICAL_SURFACE ( 'NONE', #825, 1.000000000000000000 ) ;
#2776 = STYLED_ITEM ( 'NONE', ( #1023 ), #1448 ) ;
#2777 = MECHANICAL_DESIGN_GEOMETRIC_PRESENTATION_REPRESENTATION (  '', ( #854 ), #396 ) ;
#2778 = DIRECTION ( 'NONE',  ( 0.000000000000000000, 1.047444401652940007E-14, -1.000000000000000000 ) ) ;
#2779 =( GEOMETRIC_REPRESENTATION_CONTEXT ( 3 ) GLOBAL_UNCERTAINTY_ASSIGNED_CONTEXT ( ( #590 ) ) GLOBAL_UNIT_ASSIGNED_CONTEXT ( ( #1024, #568, #3075 ) ) REPRESENTATION_CONTEXT ( 'NONE', 'WORKASPACE' ) );
#2780 = EDGE_CURVE ( 'NONE', #2713, #520, #1065, .T. ) ;
#2781 = DIRECTION ( 'NONE',  ( 0.000000000000000000, 1.000000000000000000, 1.047444401652940164E-14 ) ) ;
#2782 = VERTEX_POINT ( 'NONE', #322 ) ;
#2783 = CARTESIAN_POINT ( 'NONE',  ( 0.0001828170652154459397, -1.235984393950469807E-14, 1.180000000000000604 ) ) ;
#2784 = CARTESIAN_POINT ( 'NONE',  ( 0.0001828170652154673798, -0.1750000000000103417, 0.6299999999999967848 ) ) ;
#2785 = VERTEX_POINT ( 'NONE', #2786 ) ;
#2786 = CARTESIAN_POINT ( 'NONE',  ( 1.300182817065210994, -1.000000000000003775, 0.3499999999999891531 ) ) ;
#2787 = SURFACE_STYLE_USAGE ( .BOTH. , #307 ) ;
#2788 = DIRECTION ( 'NONE',  ( -1.000000000000000000, 0.000000000000000000, 0.000000000000000000 ) ) ;
#2789 = PRESENTATION_STYLE_ASSIGNMENT (( #51 ) ) ;
#2790 = AXIS2_PLACEMENT_3D ( 'NONE', #2986, #3019, #734 ) ;
#2791 = PRESENTATION_STYLE_ASSIGNMENT (( #2279 ) ) ;
#2792 = EDGE_CURVE ( 'NONE', #857, #586, #2291, .T. ) ;
#2793 = CIRCLE ( 'NONE', #459, 0.2999999999999999334 ) ;
#2794 = UNCERTAINTY_MEASURE_WITH_UNIT (LENGTH_MEASURE( 1.000000000000000082E-05 ), #937, 'distance_accuracy_value', 'NONE');
#2795 = EDGE_CURVE ( 'NONE', #1648, #838, #1272, .T. ) ;
#2796 = VECTOR ( 'NONE', #742, 1000.000000000000227 ) ;
#2797 = ORIENTED_EDGE ( 'NONE', *, *, #960, .T. ) ;
#2798 =( NAMED_UNIT ( * ) SI_UNIT ( $, .STERADIAN. ) SOLID_ANGLE_UNIT ( ) );
#2799 = DIRECTION ( 'NONE',  ( -1.000000000000000000, 0.000000000000000000, 0.000000000000000000 ) ) ;
#2800 = FILL_AREA_STYLE_COLOUR ( '', #2254 ) ;
#2801 = MECHANICAL_DESIGN_GEOMETRIC_PRESENTATION_REPRESENTATION (  '', ( #2654 ), #1405 ) ;
#2802 = EDGE_CURVE ( 'NONE', #2589, #3058, #1759, .T. ) ;
#2803 = PRESENTATION_STYLE_ASSIGNMENT (( #2576 ) ) ;
#2804 = ORIENTED_EDGE ( 'NONE', *, *, #2704, .T. ) ;
#2805 = CARTESIAN_POINT ( 'NONE',  ( 1.300182817065210994, -0.9000000000000001332, -9.426999614876461637E-15 ) ) ;
#2806 =( NAMED_UNIT ( * ) PLANE_ANGLE_UNIT ( ) SI_UNIT ( $, .RADIAN. ) );
#2807 =( LENGTH_UNIT ( ) NAMED_UNIT ( * ) SI_UNIT ( .MILLI., .METRE. ) );
#2808 = ORIENTED_EDGE ( 'NONE', *, *, #1235, .F. ) ;
#2809 = SURFACE_STYLE_USAGE ( .BOTH. , #1323 ) ;
#2810 = CARTESIAN_POINT ( 'NONE',  ( -4.318768448973789198, -0.3500000000000037526, 0.3499999999999959255 ) ) ;
#2811 = EDGE_CURVE ( 'NONE', #1176, #2559, #2271, .T. ) ;
#2812 = PRESENTATION_STYLE_ASSIGNMENT (( #1813 ) ) ;
#2813 = CIRCLE ( 'NONE', #2661, 0.5500000000000000444 ) ;
#2814 = ORIENTED_EDGE ( 'NONE', *, *, #2989, .F. ) ;
#2815 =( NAMED_UNIT ( * ) SI_UNIT ( $, .STERADIAN. ) SOLID_ANGLE_UNIT ( ) );
#2816 = ORIENTED_EDGE ( 'NONE', *, *, #2795, .T. ) ;
#2817 =( LENGTH_UNIT ( ) NAMED_UNIT ( * ) SI_UNIT ( .MILLI., .METRE. ) );
#2818 = CARTESIAN_POINT ( 'NONE',  ( 0.0001828170652154459397, 0.000000000000000000, 0.000000000000000000 ) ) ;
#2819 = DIRECTION ( 'NONE',  ( 1.000000000000000000, 0.000000000000000000, 0.000000000000000000 ) ) ;
#2820 = DIRECTION ( 'NONE',  ( -0.000000000000000000, -1.047444401652940007E-14, 1.000000000000000000 ) ) ;
#2821 = EDGE_CURVE ( 'NONE', #2509, #545, #2241, .T. ) ;
#2822 = VERTEX_POINT ( 'NONE', #1014 ) ;
#2823 = MECHANICAL_DESIGN_GEOMETRIC_PRESENTATION_REPRESENTATION (  '', ( #1421 ), #905 ) ;
#2824 = AXIS2_PLACEMENT_3D ( 'NONE', #2825, #2846, #377 ) ;
#2825 = CARTESIAN_POINT ( 'NONE',  ( 0.0001828170652154459397, -1.151612261509442446E-14, 1.099449536120598259 ) ) ;
#2826 = CARTESIAN_POINT ( 'NONE',  ( 0.0001828170652154459397, 0.1749999999999953815, 0.8000000000000004885 ) ) ;
#2827 = MECHANICAL_DESIGN_GEOMETRIC_PRESENTATION_REPRESENTATION (  '', ( #25 ), #1944 ) ;
#2828 = EDGE_CURVE ( 'NONE', #1795, #3001, #1446, .T. ) ;
#2829 = COLOUR_RGB ( '',0.8431372549019607865, 0.8156862745098039102, 0.7529411764705882248 ) ;
#2830 = CARTESIAN_POINT ( 'NONE',  ( -1.499817182934785942, -0.9000000000000015765, 0.1499999999999913902 ) ) ;
#2831 = VECTOR ( 'NONE', #2295, 1000.000000000000000 ) ;
#2832 = ORIENTED_EDGE ( 'NONE', *, *, #3187, .T. ) ;
#2833 = LINE ( 'NONE', #86, #1694 ) ;
#2834 = CARTESIAN_POINT ( 'NONE',  ( 0.0001828170652154465360, -0.005000000000010352934, 0.6299999999999985612 ) ) ;
#2835 = UNCERTAINTY_MEASURE_WITH_UNIT (LENGTH_MEASURE( 1.000000000000000082E-05 ), #1739, 'distance_accuracy_value', 'NONE');
#2836 = ORIENTED_EDGE ( 'NONE', *, *, #727, .F. ) ;
#2837 = DIRECTION ( 'NONE',  ( -1.000000000000000000, 0.000000000000000000, 0.000000000000000000 ) ) ;
#2838 = CLOSED_SHELL ( 'NONE', ( #1207, #41, #330, #447, #1666, #2107, #768, #957, #1644, #1302, #3037, #2056, #872, #972, #2477, #1818, #2359, #731, #900, #516, #238, #1400, #1865, #1074, #1200, #2273, #263, #490, #1069, #2557, #2201, #1685, #96, #3069, #2111, #403, #1638, #2251, #2130, #2613, #1392, #2369, #1448, #1740, #197, #2432, #1208, #3179, #1128, #2008, #1488, #2084, #1314, #2123, #2849, #2247, #3094, #1260, #3137, #1931, #309, #1794, #684, #1707, #2993, #639, #1642, #125, #2732 ) ) ;
#2839 = EDGE_CURVE ( 'NONE', #1165, #654, #1338, .T. ) ;
#2840 =( GEOMETRIC_REPRESENTATION_CONTEXT ( 3 ) GLOBAL_UNCERTAINTY_ASSIGNED_CONTEXT ( ( #683 ) ) GLOBAL_UNIT_ASSIGNED_CONTEXT ( ( #1704, #1183, #2707 ) ) REPRESENTATION_CONTEXT ( 'NONE', 'WORKASPACE' ) );
#2841 = PRESENTATION_STYLE_ASSIGNMENT (( #2126 ) ) ;
#2842 = SURFACE_STYLE_FILL_AREA ( #1824 ) ;
#2843 = ORIENTED_EDGE ( 'NONE', *, *, #1280, .F. ) ;
#2844 = LINE ( 'NONE', #2618, #52 ) ;
#2845 = ORIENTED_EDGE ( 'NONE', *, *, #1438, .T. ) ;
#2846 = DIRECTION ( 'NONE',  ( 0.000000000000000000, 1.047444401652940007E-14, -1.000000000000000000 ) ) ;
#2847 = CYLINDRICAL_SURFACE ( 'NONE', #2282, 0.9300000000000000488 ) ;
#2848 = CARTESIAN_POINT ( 'NONE',  ( -0.2998171829347862083, 1.550000000000000044, 1.623538822562057010E-14 ) ) ;
#2849 = ADVANCED_FACE ( 'NONE', ( #1540 ), #256, .T. ) ;
#2850 =( GEOMETRIC_REPRESENTATION_CONTEXT ( 3 ) GLOBAL_UNCERTAINTY_ASSIGNED_CONTEXT ( ( #1301 ) ) GLOBAL_UNIT_ASSIGNED_CONTEXT ( ( #2665, #1425, #1927 ) ) REPRESENTATION_CONTEXT ( 'NONE', 'WORKASPACE' ) );
#2851 = ORIENTED_EDGE ( 'NONE', *, *, #1199, .F. ) ;
#2852 = PRESENTATION_STYLE_ASSIGNMENT (( #1116 ) ) ;
#2853 = DIRECTION ( 'NONE',  ( 1.000000000000000000, 1.224646799147353207E-16, 1.282749433769087582E-30 ) ) ;
#2854 = STYLED_ITEM ( 'NONE', ( #549 ), #1707 ) ;
#2855 = AXIS2_PLACEMENT_3D ( 'NONE', #486, #9, #1980 ) ;
#2856 = VECTOR ( 'NONE', #1468, 1000.000000000000000 ) ;
#2857 = AXIS2_PLACEMENT_3D ( 'NONE', #2733, #2546, #985 ) ;
#2858 = DIRECTION ( 'NONE',  ( 0.000000000000000000, 1.047444401652940007E-14, -1.000000000000000000 ) ) ;
#2859 = EDGE_LOOP ( 'NONE', ( #2514, #2182, #3073, #947 ) ) ;
#2860 = CIRCLE ( 'NONE', #467, 1.000000000000000000 ) ;
#2861 = ORIENTED_EDGE ( 'NONE', *, *, #2607, .F. ) ;
#2862 =( NAMED_UNIT ( * ) SI_UNIT ( $, .STERADIAN. ) SOLID_ANGLE_UNIT ( ) );
#2863 = DIRECTION ( 'NONE',  ( 1.000000000000000000, 0.000000000000000000, 0.000000000000000000 ) ) ;
#2864 = LINE ( 'NONE', #882, #3042 ) ;
#2865 = UNCERTAINTY_MEASURE_WITH_UNIT (LENGTH_MEASURE( 1.000000000000000082E-05 ), #1265, 'distance_accuracy_value', 'NONE');
#2866 = AXIS2_PLACEMENT_3D ( 'NONE', #1289, #324, #2757 ) ;
#2867 = EDGE_LOOP ( 'NONE', ( #2348, #1377, #107, #2990 ) ) ;
#2868 = EDGE_LOOP ( 'NONE', ( #2814, #1026, #43, #2942 ) ) ;
#2869 = FILL_AREA_STYLE_COLOUR ( '', #1654 ) ;
#2870 =( NAMED_UNIT ( * ) PLANE_ANGLE_UNIT ( ) SI_UNIT ( $, .RADIAN. ) );
#2871 = ORIENTED_EDGE ( 'NONE', *, *, #1498, .T. ) ;
#2872 = LINE ( 'NONE', #651, #3106 ) ;
#2873 = SURFACE_STYLE_USAGE ( .BOTH. , #2090 ) ;
#2874 = DIRECTION ( 'NONE',  ( -1.000000000000000000, 0.000000000000000000, 0.000000000000000000 ) ) ;
#2875 = MECHANICAL_DESIGN_GEOMETRIC_PRESENTATION_REPRESENTATION (  '', ( #955 ), #179 ) ;
#2876 = PRESENTATION_LAYER_ASSIGNMENT (  '', '', ( #2467 ) ) ;
#2877 = EDGE_CURVE ( 'NONE', #2462, #2337, #1647, .T. ) ;
#2878 = ORIENTED_EDGE ( 'NONE', *, *, #493, .F. ) ;
#2879 = FILL_AREA_STYLE_COLOUR ( '', #518 ) ;
#2880 = AXIS2_PLACEMENT_3D ( 'NONE', #2881, #2136, #1480 ) ;
#2881 = CARTESIAN_POINT ( 'NONE',  ( 1.000182817065209395, -1.000000000000000000, -1.047444401652940007E-14 ) ) ;
#2882 = ORIENTED_EDGE ( 'NONE', *, *, #408, .T. ) ;
#2883 = FACE_OUTER_BOUND ( 'NONE', #525, .T. ) ;
#2884 = SURFACE_SIDE_STYLE ('',( #2121 ) ) ;
#2885 = SURFACE_STYLE_FILL_AREA ( #1440 ) ;
#2886 = MECHANICAL_DESIGN_GEOMETRIC_PRESENTATION_REPRESENTATION (  '', ( #34 ), #2427 ) ;
#2887 = ORIENTED_EDGE ( 'NONE', *, *, #3005, .F. ) ;
#2888 = CARTESIAN_POINT ( 'NONE',  ( 0.0001828170652154459397, -3.666055405785286079E-15, 0.3499999999999996447 ) ) ;
#2889 = CARTESIAN_POINT ( 'NONE',  ( 1.500182817065209839, -0.9000000000000015765, 0.1499999999999913902 ) ) ;
#2890 = TOROIDAL_SURFACE ( 'NONE', #813, 0.03000000000000110217, 0.2200000000000000011 ) ;
#2891 = DIRECTION ( 'NONE',  ( 0.000000000000000000, 1.047444401652940007E-14, -1.000000000000000000 ) ) ;
#2892 = CONICAL_SURFACE ( 'NONE', #1744, 0.9300000000000000488, 0.7853981633974490562 ) ;
#2893 = EDGE_LOOP ( 'NONE', ( #331, #626 ) ) ;
#2894 = DIRECTION ( 'NONE',  ( -1.000000000000000000, 0.000000000000000000, 0.000000000000000000 ) ) ;
#2895 = EDGE_CURVE ( 'NONE', #2196, #2384, #504, .T. ) ;
#2896 =( GEOMETRIC_REPRESENTATION_CONTEXT ( 3 ) GLOBAL_UNCERTAINTY_ASSIGNED_CONTEXT ( ( #656 ) ) GLOBAL_UNIT_ASSIGNED_CONTEXT ( ( #2817, #578, #1356 ) ) REPRESENTATION_CONTEXT ( 'NONE', 'WORKASPACE' ) );
#2897 = VERTEX_POINT ( 'NONE', #272 ) ;
#2898 =( LENGTH_UNIT ( ) NAMED_UNIT ( * ) SI_UNIT ( .MILLI., .METRE. ) );
#2899 = AXIS2_PLACEMENT_3D ( 'NONE', #1342, #338, #93 ) ;
#2900 = EDGE_CURVE ( 'NONE', #2597, #1668, #1259, .T. ) ;
#2901 = DIRECTION ( 'NONE',  ( 1.000000000000000000, 0.000000000000000000, 0.000000000000000000 ) ) ;
#2902 = COLOUR_RGB ( '',0.7921568627450980005, 0.8196078431372548767, 0.9333333333333333481 ) ;
#2903 = AXIS2_PLACEMENT_3D ( 'NONE', #774, #2551, #1525 ) ;
#2904 =( GEOMETRIC_REPRESENTATION_CONTEXT ( 3 ) GLOBAL_UNCERTAINTY_ASSIGNED_CONTEXT ( ( #1653 ) ) GLOBAL_UNIT_ASSIGNED_CONTEXT ( ( #1937, #1965, #2675 ) ) REPRESENTATION_CONTEXT ( 'NONE', 'WORKASPACE' ) );
#2905 = EDGE_LOOP ( 'NONE', ( #1789, #2015, #1171, #455 ) ) ;
#2906 = SURFACE_SIDE_STYLE ('',( #1943 ) ) ;
#2907 = PRESENTATION_LAYER_ASSIGNMENT (  '', '', ( #1092 ) ) ;
#2908 = PRESENTATION_STYLE_ASSIGNMENT (( #2362 ) ) ;
#2909 = AXIS2_PLACEMENT_3D ( 'NONE', #1247, #3012, #2003 ) ;
#2910 = CARTESIAN_POINT ( 'NONE',  ( 0.0002439797185116443501, -1.151612261509442446E-14, 1.099449536120598259 ) ) ;
#2911 = AXIS2_PLACEMENT_3D ( 'NONE', #2834, #2853, #2349 ) ;
#2912 = EDGE_CURVE ( 'NONE', #2270, #3058, #2338, .T. ) ;
#2913 = ORIENTED_EDGE ( 'NONE', *, *, #1828, .T. ) ;
#2914 = ORIENTED_EDGE ( 'NONE', *, *, #1923, .T. ) ;
#2915 = SURFACE_STYLE_FILL_AREA ( #475 ) ;
#2916 = SURFACE_SIDE_STYLE ('',( #934 ) ) ;
#2917 = LINE ( 'NONE', #3207, #37 ) ;
#2918 = FILL_AREA_STYLE_COLOUR ( '', #98 ) ;
#2919 = ORIENTED_EDGE ( 'NONE', *, *, #600, .F. ) ;
#2920 = CARTESIAN_POINT ( 'NONE',  ( 0.0001828170652154459397, -3.666055405785286079E-15, 0.3499999999999996447 ) ) ;
#2921 = EDGE_CURVE ( 'NONE', #76, #795, #90, .T. ) ;
#2922 = PRESENTATION_STYLE_ASSIGNMENT (( #942 ) ) ;
#2923 = DIRECTION ( 'NONE',  ( 0.000000000000000000, 1.047444401652940007E-14, -1.000000000000000000 ) ) ;
#2924 = UNCERTAINTY_MEASURE_WITH_UNIT (LENGTH_MEASURE( 1.000000000000000082E-05 ), #385, 'distance_accuracy_value', 'NONE');
#2925 = VERTEX_POINT ( 'NONE', #372 ) ;
#2926 = DIRECTION ( 'NONE',  ( 0.000000000000000000, 1.047444401652940007E-14, -1.000000000000000000 ) ) ;
#2927 = ORIENTED_EDGE ( 'NONE', *, *, #1367, .T. ) ;
#2928 = SURFACE_SIDE_STYLE ('',( #715 ) ) ;
#2929 = PLANE ( 'NONE',  #1459 ) ;
#2930 = LINE ( 'NONE', #706, #2725 ) ;
#2931 = DIRECTION ( 'NONE',  ( 1.000000000000000000, 0.000000000000000000, 0.000000000000000000 ) ) ;
#2932 = ORIENTED_EDGE ( 'NONE', *, *, #2749, .T. ) ;
#2933 = CARTESIAN_POINT ( 'NONE',  ( 0.0001828170652154459397, -6.598899730413507526E-15, 0.6299999999999985612 ) ) ;
#2934 = LINE ( 'NONE', #970, #2983 ) ;
#2935 = EDGE_CURVE ( 'NONE', #3151, #1330, #2067, .T. ) ;
#2936 = EDGE_CURVE ( 'NONE', #1908, #500, #839, .T. ) ;
#2937 =( NAMED_UNIT ( * ) PLANE_ANGLE_UNIT ( ) SI_UNIT ( $, .RADIAN. ) );
#2938 = ORIENTED_EDGE ( 'NONE', *, *, #831, .T. ) ;
#2939 = CARTESIAN_POINT ( 'NONE',  ( -55.23872518293478606, -1.300000000000002265, 0.1999999999999851896 ) ) ;
#2940 = EDGE_CURVE ( 'NONE', #892, #2559, #1597, .T. ) ;
#2941 = EDGE_CURVE ( 'NONE', #1669, #631, #128, .T. ) ;
#2942 = ORIENTED_EDGE ( 'NONE', *, *, #1594, .T. ) ;
#2943 = PLANE ( 'NONE',  #2413 ) ;
#2944 = CARTESIAN_POINT ( 'NONE',  ( 0.8501828170652120376, -1.309305502066176270E-14, 1.250000000000001110 ) ) ;
#2945 = LINE ( 'NONE', #2155, #206 ) ;
#2946 = COLOUR_RGB ( '',0.9686274509803921573, 0.8784313725490195957, 0.5999999999999999778 ) ;
#2947 = ORIENTED_EDGE ( 'NONE', *, *, #1328, .F. ) ;
#2948 = DIRECTION ( 'NONE',  ( 0.000000000000000000, 1.047444401652940007E-14, -1.000000000000000000 ) ) ;
#2949 = CARTESIAN_POINT ( 'NONE',  ( -4.318768448973789198, 0.3499999999999961475, 0.3500000000000033085 ) ) ;
#2950 = PRODUCT_DEFINITION_FORMATION_WITH_SPECIFIED_SOURCE ( '任何', '', #2537, .NOT_KNOWN. ) ;
#2951 = CIRCLE ( 'NONE', #2176, 0.8499999999999999778 ) ;
#2952 = DIRECTION ( 'NONE',  ( 0.000000000000000000, -1.000000000000000000, -1.047444401652940007E-14 ) ) ;
#2953 = VECTOR ( 'NONE', #2652, 1000.000000000000114 ) ;
#2954 = ORIENTED_EDGE ( 'NONE', *, *, #1787, .F. ) ;
#2955 = ORIENTED_EDGE ( 'NONE', *, *, #2224, .T. ) ;
#2956 =( NAMED_UNIT ( * ) PLANE_ANGLE_UNIT ( ) SI_UNIT ( $, .RADIAN. ) );
#2957 = LINE ( 'NONE', #3189, #3198 ) ;
#2958 = LINE ( 'NONE', #951, #1182 ) ;
#2959 = ORIENTED_EDGE ( 'NONE', *, *, #1538, .T. ) ;
#2960 = PRESENTATION_STYLE_ASSIGNMENT (( #211 ) ) ;
#2961 = CARTESIAN_POINT ( 'NONE',  ( 0.2501828170652087291, 0.8999999999999995781, 9.426999614876455326E-15 ) ) ;
#2962 = AXIS2_PLACEMENT_3D ( 'NONE', #821, #3027, #2738 ) ;
#2963 = EDGE_CURVE ( 'NONE', #1795, #2337, #108, .T. ) ;
#2964 = FILL_AREA_STYLE ('',( #2711 ) ) ;
#2965 = DIRECTION ( 'NONE',  ( 0.000000000000000000, 1.047444401652940007E-14, -1.000000000000000000 ) ) ;
#2966 = CYLINDRICAL_SURFACE ( 'NONE', #2880, 0.2999999999999999334 ) ;
#2967 = ORIENTED_EDGE ( 'NONE', *, *, #575, .F. ) ;
#2968 = CARTESIAN_POINT ( 'NONE',  ( -1.299817182934787096, 0.8999999999999984679, 0.1500000000000102640 ) ) ;
#2969 = AXIS2_PLACEMENT_3D ( 'NONE', #488, #994, #301 ) ;
#2970 =( GEOMETRIC_REPRESENTATION_CONTEXT ( 3 ) GLOBAL_UNCERTAINTY_ASSIGNED_CONTEXT ( ( #1916 ) ) GLOBAL_UNIT_ASSIGNED_CONTEXT ( ( #1929, #2173, #1187 ) ) REPRESENTATION_CONTEXT ( 'NONE', 'WORKASPACE' ) );
#2971 = DIRECTION ( 'NONE',  ( 0.000000000000000000, 1.000000000000000000, 1.047444401652940007E-14 ) ) ;
#2972 = CARTESIAN_POINT ( 'NONE',  ( 0.3001828170652101613, -0.2009885622606487343, 0.3499999999999974798 ) ) ;
#2973 = LINE ( 'NONE', #753, #2314 ) ;
#2974 = VECTOR ( 'NONE', #1164, 1000.000000000000000 ) ;
#2975 = ORIENTED_EDGE ( 'NONE', *, *, #2921, .T. ) ;
#2976 = DIRECTION ( 'NONE',  ( 0.000000000000000000, 1.047444401652940007E-14, -1.000000000000000000 ) ) ;
#2977 = DIRECTION ( 'NONE',  ( 0.000000000000000000, 1.000000000000000000, 1.053224967557324468E-14 ) ) ;
#2978 = CARTESIAN_POINT ( 'NONE',  ( 0.0001828170652154459397, -6.284666409917638462E-15, 0.5999999999999998668 ) ) ;
#2979 = PRESENTATION_LAYER_ASSIGNMENT (  '', '', ( #861 ) ) ;
#2980 = CARTESIAN_POINT ( 'NONE',  ( -0.2498171829347847761, -1.078867733702527860E-14, 1.029999999999999583 ) ) ;
#2981 =( NAMED_UNIT ( * ) PLANE_ANGLE_UNIT ( ) SI_UNIT ( $, .RADIAN. ) );
#2982 = PRESENTATION_STYLE_ASSIGNMENT (( #3199 ) ) ;
#2983 = VECTOR ( 'NONE', #726, 1000.000000000000000 ) ;
#2984 = FILL_AREA_STYLE ('',( #843 ) ) ;
#2985 = ORIENTED_EDGE ( 'NONE', *, *, #863, .T. ) ;
#2986 = CARTESIAN_POINT ( 'NONE',  ( 0.3001828170652101613, -1.550000000000002265, 0.1999999999999825528 ) ) ;
#2987 = SURFACE_STYLE_USAGE ( .BOTH. , #285 ) ;
#2988 = DIRECTION ( 'NONE',  ( 0.000000000000000000, 1.047444401652940007E-14, -1.000000000000000000 ) ) ;
#2989 = EDGE_CURVE ( 'NONE', #1064, #471, #252, .T. ) ;
#2990 = ORIENTED_EDGE ( 'NONE', *, *, #2828, .F. ) ;
#2991 = DIRECTION ( 'NONE',  ( 0.000000000000000000, 1.047444401652940007E-14, -1.000000000000000000 ) ) ;
#2992 = FACE_OUTER_BOUND ( 'NONE', #2867, .T. ) ;
#2993 = ADVANCED_FACE ( 'NONE', ( #1103 ), #2578, .F. ) ;
#2994 = VECTOR ( 'NONE', #1614, 1000.000000000000000 ) ;
#2995 = CYLINDRICAL_SURFACE ( 'NONE', #3190, 0.2500000000000000000 ) ;
#2996 = DIRECTION ( 'NONE',  ( 0.000000000000000000, -1.047444401652940007E-14, 1.000000000000000000 ) ) ;
#2997 = ORIENTED_EDGE ( 'NONE', *, *, #673, .T. ) ;
#2998 = VECTOR ( 'NONE', #188, 1000.000000000000000 ) ;
#2999 = SURFACE_STYLE_USAGE ( .BOTH. , #567 ) ;
#3000 = DIRECTION ( 'NONE',  ( -0.000000000000000000, -1.047444401652940007E-14, 1.000000000000000000 ) ) ;
#3001 = VERTEX_POINT ( 'NONE', #2598 ) ;
#3002 = MECHANICAL_DESIGN_GEOMETRIC_PRESENTATION_REPRESENTATION (  '', ( #1092 ), #2446 ) ;
#3003 = CARTESIAN_POINT ( 'NONE',  ( 1.300182817065210994, -0.9000000000000001332, -9.426999614876461637E-15 ) ) ;
#3004 = MECHANICAL_DESIGN_GEOMETRIC_PRESENTATION_REPRESENTATION (  '', ( #2178 ), #2021 ) ;
#3005 = EDGE_CURVE ( 'NONE', #2088, #1451, #1029, .T. ) ;
#3006 = ORIENTED_EDGE ( 'NONE', *, *, #413, .T. ) ;
#3007 = CARTESIAN_POINT ( 'NONE',  ( -1.299817182934787096, -1.000000000000000000, -1.047444401652940007E-14 ) ) ;
#3008 = DIRECTION ( 'NONE',  ( 0.000000000000000000, 1.000000000000000000, 1.047444401652940007E-14 ) ) ;
#3009 = LINE ( 'NONE', #2972, #1374 ) ;
#3011 = ORIENTED_EDGE ( 'NONE', *, *, #3153, .F. ) ;
#3010 = MECHANICAL_DESIGN_GEOMETRIC_PRESENTATION_REPRESENTATION (  '', ( #1765 ), #2608 ) ;
#3012 = DIRECTION ( 'NONE',  ( -0.000000000000000000, 1.000000000000000000, 1.047444401652940007E-14 ) ) ;
#3013 = CARTESIAN_POINT ( 'NONE',  ( 0.0001828170652154459397, -1.309305502066176270E-14, 1.250000000000001110 ) ) ;
#3014 = DIRECTION ( 'NONE',  ( 0.000000000000000000, 1.047444401652940007E-14, -1.000000000000000000 ) ) ;
#3015 = FILL_AREA_STYLE ('',( #563 ) ) ;
#3016 = FACE_OUTER_BOUND ( 'NONE', #1738, .T. ) ;
#3017 = UNCERTAINTY_MEASURE_WITH_UNIT (LENGTH_MEASURE( 1.000000000000000082E-05 ), #421, 'distance_accuracy_value', 'NONE');
#3018 = EDGE_LOOP ( 'NONE', ( #1368, #2127, #2547, #2499 ) ) ;
#3019 = DIRECTION ( 'NONE',  ( 0.000000000000000000, -1.047444401652940007E-14, 1.000000000000000000 ) ) ;
#3020 = DIRECTION ( 'NONE',  ( 1.000000000000000000, 0.000000000000000000, 0.000000000000000000 ) ) ;
#3021 = UNCERTAINTY_MEASURE_WITH_UNIT (LENGTH_MEASURE( 1.000000000000000082E-05 ), #2495, 'distance_accuracy_value', 'NONE');
#3022 =( GEOMETRIC_REPRESENTATION_CONTEXT ( 3 ) GLOBAL_UNCERTAINTY_ASSIGNED_CONTEXT ( ( #101 ) ) GLOBAL_UNIT_ASSIGNED_CONTEXT ( ( #2302, #1279, #818 ) ) REPRESENTATION_CONTEXT ( 'NONE', 'WORKASPACE' ) );
#3023 = ORIENTED_EDGE ( 'NONE', *, *, #1336, .T. ) ;
#3024 = DIRECTION ( 'NONE',  ( -1.000000000000000000, 0.000000000000000000, 0.000000000000000000 ) ) ;
#3025 = CARTESIAN_POINT ( 'NONE',  ( 0.0001828170652154459397, -7.541599691901152586E-15, 0.7199999999999984190 ) ) ;
#3026 =( GEOMETRIC_REPRESENTATION_CONTEXT ( 3 ) GLOBAL_UNCERTAINTY_ASSIGNED_CONTEXT ( ( #1297 ) ) GLOBAL_UNIT_ASSIGNED_CONTEXT ( ( #360, #1093, #2364 ) ) REPRESENTATION_CONTEXT ( 'NONE', 'WORKASPACE' ) );
#3027 = DIRECTION ( 'NONE',  ( 0.000000000000000000, -1.047444401652940007E-14, 1.000000000000000000 ) ) ;
#3028 = FILL_AREA_STYLE ('',( #2534 ) ) ;
#3029 = CARTESIAN_POINT ( 'NONE',  ( 0.0001828170652154459397, 0.1749999999999971856, 0.6300000000000004485 ) ) ;
#3030 = EDGE_CURVE ( 'NONE', #762, #795, #405, .T. ) ;
#3031 = AXIS2_PLACEMENT_3D ( 'NONE', #1333, #643, #1804 ) ;
#3032 = CARTESIAN_POINT ( 'NONE',  ( 0.9301828170652087779, -6.284666409917638462E-15, 0.5999999999999998668 ) ) ;
#3033 = AXIS2_PLACEMENT_3D ( 'NONE', #2312, #2330, #2010 ) ;
#3034 = LINE ( 'NONE', #33, #1785 ) ;
#3035 = EDGE_CURVE ( 'NONE', #1355, #895, #1122, .T. ) ;
#3036 = DIRECTION ( 'NONE',  ( 0.000000000000000000, -1.047444401652940007E-14, 1.000000000000000000 ) ) ;
#3037 = ADVANCED_FACE ( 'NONE', ( #334 ), #1155, .T. ) ;
#3038 = VECTOR ( 'NONE', #2584, 1000.000000000000000 ) ;
#3039 = ORIENTED_EDGE ( 'NONE', *, *, #2706, .T. ) ;
#3040 = CARTESIAN_POINT ( 'NONE',  ( 0.3001828170652101613, 1.550000000000000044, 1.623538822562057010E-14 ) ) ;
#3041 = SURFACE_SIDE_STYLE ('',( #574 ) ) ;
#3042 = VECTOR ( 'NONE', #1571, 1000.000000000000000 ) ;
#3043 = FACE_OUTER_BOUND ( 'NONE', #2179, .T. ) ;
#3044 = ORIENTED_EDGE ( 'NONE', *, *, #565, .F. ) ;
#3045 = DIRECTION ( 'NONE',  ( -1.000000000000000000, -2.220446049250309876E-16, -2.325793783459625239E-30 ) ) ;
#3046 = CARTESIAN_POINT ( 'NONE',  ( 0.3001828170652101613, 1.550000000000000044, 1.623538822562057010E-14 ) ) ;
#3047 = DIRECTION ( 'NONE',  ( 0.000000000000000000, 1.000000000000000000, 1.047444401652940007E-14 ) ) ;
#3048 = EDGE_CURVE ( 'NONE', #2407, #677, #2063, .T. ) ;
#3049 = CARTESIAN_POINT ( 'NONE',  ( 0.0001828170652154459397, -1.309305502066176270E-14, 1.250000000000001110 ) ) ;
#3050 = MECHANICAL_DESIGN_GEOMETRIC_PRESENTATION_REPRESENTATION (  '', ( #2011 ), #2896 ) ;
#3051 = DIRECTION ( 'NONE',  ( 0.000000000000000000, 1.000000000000000000, 0.000000000000000000 ) ) ;
#3052 = CIRCLE ( 'NONE', #1088, 0.2999999999999999334 ) ;
#3053 = FILL_AREA_STYLE_COLOUR ( '', #2325 ) ;
#3054 = VECTOR ( 'NONE', #3071, 1000.000000000000000 ) ;
#3055 = UNCERTAINTY_MEASURE_WITH_UNIT (LENGTH_MEASURE( 1.000000000000000082E-05 ), #3146, 'distance_accuracy_value', 'NONE');
#3056 = STYLED_ITEM ( 'NONE', ( #1670 ), #330 ) ;
#3057 =( GEOMETRIC_REPRESENTATION_CONTEXT ( 3 ) GLOBAL_UNCERTAINTY_ASSIGNED_CONTEXT ( ( #402 ) ) GLOBAL_UNIT_ASSIGNED_CONTEXT ( ( #2739, #790, #515 ) ) REPRESENTATION_CONTEXT ( 'NONE', 'WORKASPACE' ) );
#3058 = VERTEX_POINT ( 'NONE', #1701 ) ;
#3059 = CARTESIAN_POINT ( 'NONE',  ( 0.0001828170652154569443, -0.005000000000012133627, 0.7999999999999986011 ) ) ;
#3060 = STYLED_ITEM ( 'NONE', ( #1658 ), #3037 ) ;
#3061 = UNCERTAINTY_MEASURE_WITH_UNIT (LENGTH_MEASURE( 1.000000000000000082E-05 ), #1692, 'distance_accuracy_value', 'NONE');
#3062 = COLOUR_RGB ( '',0.8509803921568627194, 0.8509803921568627194, 0.8509803921568627194 ) ;
#3063 = PRESENTATION_STYLE_ASSIGNMENT (( #1082 ) ) ;
#3064 = MANIFOLD_SOLID_BREP ( '实体-移动/复制2', #2838 ) ;
#3065 = ORIENTED_EDGE ( 'NONE', *, *, #1550, .T. ) ;
#3066 = DIRECTION ( 'NONE',  ( 0.000000000000000000, 1.047444401652940007E-14, -1.000000000000000000 ) ) ;
#3067 =( NAMED_UNIT ( * ) SI_UNIT ( $, .STERADIAN. ) SOLID_ANGLE_UNIT ( ) );
#3068 = MECHANICAL_DESIGN_GEOMETRIC_PRESENTATION_REPRESENTATION (  '', ( #832 ), #2075 ) ;
#3069 = ADVANCED_FACE ( 'NONE', ( #2883 ), #1435, .F. ) ;
#3070 = SURFACE_SIDE_STYLE ('',( #2274 ) ) ;
#3071 = DIRECTION ( 'NONE',  ( 0.000000000000000000, 1.000000000000000000, 1.047444401652940007E-14 ) ) ;
#3072 = FACE_BOUND ( 'NONE', #1905, .T. ) ;
#3073 = ORIENTED_EDGE ( 'NONE', *, *, #2749, .F. ) ;
#3074 = LINE ( 'NONE', #1348, #336 ) ;
#3075 =( NAMED_UNIT ( * ) SI_UNIT ( $, .STERADIAN. ) SOLID_ANGLE_UNIT ( ) );
#3076 = CIRCLE ( 'NONE', #2083, 0.2999999999999999334 ) ;
#3077 = ORIENTED_EDGE ( 'NONE', *, *, #1923, .F. ) ;
#3078 = CARTESIAN_POINT ( 'NONE',  ( 0.0001828170652154459397, -1.309305502066176270E-14, 1.250000000000001110 ) ) ;
#3079 = EDGE_CURVE ( 'NONE', #1648, #1618, #1472, .T. ) ;
#3080 = SURFACE_STYLE_FILL_AREA ( #2596 ) ;
#3081 = ORIENTED_EDGE ( 'NONE', *, *, #2332, .T. ) ;
#3082 = PRESENTATION_STYLE_ASSIGNMENT (( #2086 ) ) ;
#3083 = FILL_AREA_STYLE ('',( #1139 ) ) ;
#3084 = CARTESIAN_POINT ( 'NONE',  ( -0.2998171829347862083, -0.6500000000000001332, -6.808388610744110832E-15 ) ) ;
#3085 = CARTESIAN_POINT ( 'NONE',  ( 0.2501828170652087291, -0.2009885622606450983, -2.105243443361860554E-15 ) ) ;
#3086 = ORIENTED_EDGE ( 'NONE', *, *, #1872, .F. ) ;
#3087 = DIRECTION ( 'NONE',  ( 0.000000000000000000, -1.047444401652940007E-14, 1.000000000000000000 ) ) ;
#3088 = MECHANICAL_DESIGN_GEOMETRIC_PRESENTATION_REPRESENTATION (  '', ( #1219 ), #3022 ) ;
#3089 =( GEOMETRIC_REPRESENTATION_CONTEXT ( 3 ) GLOBAL_UNCERTAINTY_ASSIGNED_CONTEXT ( ( #2670 ) ) GLOBAL_UNIT_ASSIGNED_CONTEXT ( ( #2667, #425, #1444 ) ) REPRESENTATION_CONTEXT ( 'NONE', 'WORKASPACE' ) );
#3090 = VECTOR ( 'NONE', #1313, 1000.000000000000000 ) ;
#3091 = CARTESIAN_POINT ( 'NONE',  ( 1.500182817065209839, 0.9000000000000000222, 9.426999614876460059E-15 ) ) ;
#3092 = MECHANICAL_DESIGN_GEOMETRIC_PRESENTATION_REPRESENTATION (  '', ( #80 ), #441 ) ;
#3093 = AXIS2_PLACEMENT_3D ( 'NONE', #1482, #1470, #199 ) ;
#3094 = ADVANCED_FACE ( 'NONE', ( #1277 ), #317, .F. ) ;
#3095 = CARTESIAN_POINT ( 'NONE',  ( 0.3001828170652101613, -1.300000000000002265, 0.1999999999999851896 ) ) ;
#3096 = COLOUR_RGB ( '',0.8509803921568627194, 0.8509803921568627194, 0.8509803921568627194 ) ;
#3097 = UNCERTAINTY_MEASURE_WITH_UNIT (LENGTH_MEASURE( 1.000000000000000082E-05 ), #595, 'distance_accuracy_value', 'NONE');
#3098 = ORIENTED_EDGE ( 'NONE', *, *, #2316, .T. ) ;
#3099 = DIRECTION ( 'NONE',  ( 0.000000000000000000, -1.047444401652940007E-14, 1.000000000000000000 ) ) ;
#3100 = DIRECTION ( 'NONE',  ( 1.000000000000000000, 0.000000000000000000, 0.000000000000000000 ) ) ;
#3101 = FILL_AREA_STYLE_COLOUR ( '', #137 ) ;
#3102 = PLANE ( 'NONE',  #1723 ) ;
#3103 = VERTEX_POINT ( 'NONE', #1504 ) ;
#3104 = DIRECTION ( 'NONE',  ( -1.000000000000000000, 0.000000000000000000, 0.000000000000000000 ) ) ;
#3105 = PLANE ( 'NONE',  #591 ) ;
#3106 = VECTOR ( 'NONE', #2636, 1000.000000000000000 ) ;
#3107 = MECHANICAL_DESIGN_GEOMETRIC_PRESENTATION_REPRESENTATION (  '', ( #1021 ), #2215 ) ;
#3108 = FILL_AREA_STYLE_COLOUR ( '', #1975 ) ;
#3109 = ORIENTED_EDGE ( 'NONE', *, *, #2516, .F. ) ;
#3110 = CARTESIAN_POINT ( 'NONE',  ( -1.499817182934785942, -0.9000000000000001332, -9.426999614876461637E-15 ) ) ;
#3111 =( NAMED_UNIT ( * ) SI_UNIT ( $, .STERADIAN. ) SOLID_ANGLE_UNIT ( ) );
#3112 = SURFACE_STYLE_FILL_AREA ( #1867 ) ;
#3113 = STYLED_ITEM ( 'NONE', ( #2318 ), #3179 ) ;
#3114 = ORIENTED_EDGE ( 'NONE', *, *, #1713, .T. ) ;
#3115 =( NAMED_UNIT ( * ) SI_UNIT ( $, .STERADIAN. ) SOLID_ANGLE_UNIT ( ) );
#3116 = CARTESIAN_POINT ( 'NONE',  ( -0.9998171829347854977, 1.299999999999999822, 1.361677722148821851E-14 ) ) ;
#3117 = CARTESIAN_POINT ( 'NONE',  ( 0.0001828170652154459397, -7.541599691901152586E-15, 0.7199999999999984190 ) ) ;
#3118 = CIRCLE ( 'NONE', #2064, 0.1700000000000000122 ) ;
#3119 = PRESENTATION_LAYER_ASSIGNMENT (  '', '', ( #2128 ) ) ;
#3120 = MECHANICAL_DESIGN_GEOMETRIC_PRESENTATION_REPRESENTATION (  '', ( #884 ), #2422 ) ;
#3121 = FILL_AREA_STYLE_COLOUR ( '', #2628 ) ;
#3122 = VERTEX_POINT ( 'NONE', #555 ) ;
#3123 = CARTESIAN_POINT ( 'NONE',  ( 1.300182817065210994, -1.300000000000000266, -1.361677722148822166E-14 ) ) ;
#3124 = PRESENTATION_STYLE_ASSIGNMENT (( #2599 ) ) ;
#3125 = COLOUR_RGB ( '',0.8509803921568627194, 0.8509803921568627194, 0.8509803921568627194 ) ;
#3126 = PRESENTATION_LAYER_ASSIGNMENT (  '', '', ( #1805 ) ) ;
#3127 = SURFACE_SIDE_STYLE ('',( #2842 ) ) ;
#3128 = ORIENTED_EDGE ( 'NONE', *, *, #1438, .F. ) ;
#3129 = DIRECTION ( 'NONE',  ( 0.000000000000000000, 1.047444401652940007E-14, -1.000000000000000000 ) ) ;
#3130 =( LENGTH_UNIT ( ) NAMED_UNIT ( * ) SI_UNIT ( .MILLI., .METRE. ) );
#3131 = EDGE_CURVE ( 'NONE', #2897, #1711, #1547, .T. ) ;
#3132 = CARTESIAN_POINT ( 'NONE',  ( 1.300182817065210994, 0.9000000000000000222, 9.426999614876460059E-15 ) ) ;
#3133 = UNCERTAINTY_MEASURE_WITH_UNIT (LENGTH_MEASURE( 1.000000000000000082E-05 ), #1034, 'distance_accuracy_value', 'NONE');
#3134 = COLOUR_RGB ( '',0.9686274509803921573, 0.8784313725490195957, 0.5999999999999999778 ) ;
#3135 = VERTEX_POINT ( 'NONE', #299 ) ;
#3136 = FILL_AREA_STYLE ('',( #2879 ) ) ;
#3137 = ADVANCED_FACE ( 'NONE', ( #2249 ), #1255, .F. ) ;
#3138 = UNCERTAINTY_MEASURE_WITH_UNIT (LENGTH_MEASURE( 1.000000000000000082E-05 ), #1634, 'distance_accuracy_value', 'NONE');
#3139 = FILL_AREA_STYLE_COLOUR ( '', #801 ) ;
#3140 = EDGE_LOOP ( 'NONE', ( #1589, #1626, #1963 ) ) ;
#3141 = CARTESIAN_POINT ( 'NONE',  ( -1.299817182934787096, 0.9000000000000000222, 9.426999614876460059E-15 ) ) ;
#3142 = DIRECTION ( 'NONE',  ( 0.000000000000000000, 1.047444401652940007E-14, -1.000000000000000000 ) ) ;
#3143 = LINE ( 'NONE', #722, #624 ) ;
#3144 = VERTEX_POINT ( 'NONE', #2016 ) ;
#3145 = CARTESIAN_POINT ( 'NONE',  ( 0.0001828170652154459397, 0.000000000000000000, 0.000000000000000000 ) ) ;
#3146 =( LENGTH_UNIT ( ) NAMED_UNIT ( * ) SI_UNIT ( .MILLI., .METRE. ) );
#3147 = CARTESIAN_POINT ( 'NONE',  ( -0.2998171829347862083, -1.550000000000000266, -1.623538822562057326E-14 ) ) ;
#3148 = EDGE_CURVE ( 'NONE', #2822, #2571, #460, .T. ) ;
#3149 = CARTESIAN_POINT ( 'NONE',  ( 1.300182817065210994, 0.9000000000000000222, 9.426999614876460059E-15 ) ) ;
#3150 = CIRCLE ( 'NONE', #592, 0.1750000000000037637 ) ;
#3151 = VERTEX_POINT ( 'NONE', #2968 ) ;
#3152 = CARTESIAN_POINT ( 'NONE',  ( 1.500182817065209839, 0.8999999999999984679, 0.1500000000000102640 ) ) ;
#3153 = EDGE_CURVE ( 'NONE', #1970, #577, #748, .T. ) ;
#3154 = COLOUR_RGB ( '',0.8509803921568627194, 0.8509803921568627194, 0.8509803921568627194 ) ;
#3155 = VERTEX_POINT ( 'NONE', #3007 ) ;
#3156 = FILL_AREA_STYLE_COLOUR ( '', #2902 ) ;
#3157 = DIRECTION ( 'NONE',  ( 0.000000000000000000, 1.000000000000000000, 1.047444401652940007E-14 ) ) ;
#3158 = CARTESIAN_POINT ( 'NONE',  ( -0.9012050018007700114, 0.4330127018922231286, 4.535567304416225724E-15 ) ) ;
#3159 = ORIENTED_EDGE ( 'NONE', *, *, #1871, .F. ) ;
#3160 = CARTESIAN_POINT ( 'NONE',  ( 0.0001828170652154459397, -3.666055405785286079E-15, 0.3499999999999996447 ) ) ;
#3161 = VECTOR ( 'NONE', #2491, 1000.000000000000000 ) ;
#3162 = FILL_AREA_STYLE ('',( #879 ) ) ;
#3163 = STYLED_ITEM ( 'NONE', ( #740 ), #197 ) ;
#3164 = ORIENTED_EDGE ( 'NONE', *, *, #1549, .T. ) ;
#3165 = DIRECTION ( 'NONE',  ( 1.000000000000000000, 0.000000000000000000, 0.000000000000000000 ) ) ;
#3166 = CARTESIAN_POINT ( 'NONE',  ( -0.8498171829347880291, -1.309305502066176270E-14, 1.250000000000001110 ) ) ;
#3167 = UNCERTAINTY_MEASURE_WITH_UNIT (LENGTH_MEASURE( 1.000000000000000082E-05 ), #932, 'distance_accuracy_value', 'NONE');
#3168 = MECHANICAL_DESIGN_GEOMETRIC_PRESENTATION_REPRESENTATION (  '', ( #3178 ), #2644 ) ;
#3169 = ORIENTED_EDGE ( 'NONE', *, *, #1199, .T. ) ;
#3170 = LINE ( 'NONE', #1241, #3223 ) ;
#3171 = LINE ( 'NONE', #3216, #1371 ) ;
#3172 = AXIS2_PLACEMENT_3D ( 'NONE', #2513, #1735, #24 ) ;
#3173 =( NAMED_UNIT ( * ) SI_UNIT ( $, .STERADIAN. ) SOLID_ANGLE_UNIT ( ) );
#3174 = DIRECTION ( 'NONE',  ( -1.000000000000000000, 0.000000000000000000, 0.000000000000000000 ) ) ;
#3175 = ORIENTED_EDGE ( 'NONE', *, *, #610, .F. ) ;
#3176 = DIRECTION ( 'NONE',  ( 0.000000000000000000, 1.000000000000000000, 1.053224967557324468E-14 ) ) ;
#3177 = FILL_AREA_STYLE_COLOUR ( '', #1132 ) ;
#3178 = STYLED_ITEM ( 'NONE', ( #526 ), #2849 ) ;
#3179 = ADVANCED_FACE ( 'NONE', ( #2766 ), #2046, .F. ) ;
#3180 = AXIS2_PLACEMENT_3D ( 'NONE', #1875, #2080, #1099 ) ;
#3181 = AXIS2_PLACEMENT_3D ( 'NONE', #2920, #466, #1287 ) ;
#3182 = ORIENTED_EDGE ( 'NONE', *, *, #837, .T. ) ;
#3183 = PRODUCT_CONTEXT ( 'NONE', #74, 'mechanical' ) ;
#3184 = DIRECTION ( 'NONE',  ( -0.7071067811865474617, -7.406550393246796425E-15, 0.7071067811865474617 ) ) ;
#3185 = ORIENTED_EDGE ( 'NONE', *, *, #886, .F. ) ;
#3186 = DIRECTION ( 'NONE',  ( -1.000000000000000000, 0.000000000000000000, 0.000000000000000000 ) ) ;
#3187 = EDGE_CURVE ( 'NONE', #586, #1185, #3052, .T. ) ;
#3188 = LINE ( 'NONE', #2435, #930 ) ;
#3189 = CARTESIAN_POINT ( 'NONE',  ( -1.499817182934785942, 0.9000000000000000222, 9.426999614876460059E-15 ) ) ;
#3190 = AXIS2_PLACEMENT_3D ( 'NONE', #1645, #409, #2819 ) ;
#3191 = PRESENTATION_STYLE_ASSIGNMENT (( #1423 ) ) ;
#3192 = DIRECTION ( 'NONE',  ( 0.000000000000000000, -1.047444401652940007E-14, 1.000000000000000000 ) ) ;
#3193 = ORIENTED_EDGE ( 'NONE', *, *, #379, .F. ) ;
#3194 = DIRECTION ( 'NONE',  ( 0.000000000000000000, 1.047444401652940007E-14, -1.000000000000000000 ) ) ;
#3195 =( NAMED_UNIT ( * ) PLANE_ANGLE_UNIT ( ) SI_UNIT ( $, .RADIAN. ) );
#3196 = SURFACE_STYLE_USAGE ( .BOTH. , #243 ) ;
#3197 = EDGE_CURVE ( 'NONE', #1669, #2750, #2833, .T. ) ;
#3198 = VECTOR ( 'NONE', #966, 1000.000000000000000 ) ;
#3199 = SURFACE_STYLE_USAGE ( .BOTH. , #1976 ) ;
#3200 = EDGE_LOOP ( 'NONE', ( #908, #198, #875, #2629 ) ) ;
#3201 = SURFACE_STYLE_FILL_AREA ( #2195 ) ;
#3202 = CONICAL_SURFACE ( 'NONE', #2206, 0.9300000000000000488, 0.7853981633974503884 ) ;
#3203 = ORIENTED_EDGE ( 'NONE', *, *, #379, .T. ) ;
#3204 = PRESENTATION_LAYER_ASSIGNMENT (  '', '', ( #25 ) ) ;
#3205 = SURFACE_STYLE_USAGE ( .BOTH. , #2916 ) ;
#3206 = STYLED_ITEM ( 'NONE', ( #2789 ), #2201 ) ;
#3207 = CARTESIAN_POINT ( 'NONE',  ( -1.499817182934785942, 0.9000000000000000222, 9.426999614876460059E-15 ) ) ;
#3208 = FILL_AREA_STYLE_COLOUR ( '', #929 ) ;
#3209 = ORIENTED_EDGE ( 'NONE', *, *, #273, .F. ) ;
#3210 = PRESENTATION_STYLE_ASSIGNMENT (( #694 ) ) ;
#3211 = SURFACE_SIDE_STYLE ('',( #2192 ) ) ;
#3212 = VERTEX_POINT ( 'NONE', #572 ) ;
#3213 =( LENGTH_UNIT ( ) NAMED_UNIT ( * ) SI_UNIT ( .MILLI., .METRE. ) );
#3214 = ORIENTED_EDGE ( 'NONE', *, *, #2940, .F. ) ;
#3215 = SURFACE_SIDE_STYLE ('',( #688 ) ) ;
#3216 = CARTESIAN_POINT ( 'NONE',  ( -0.7744138521762894412, 0.3499999999999998113, 3.666055405785288445E-15 ) ) ;
#3217 = DIRECTION ( 'NONE',  ( -0.0004062601113067548591, 1.047444315214012608E-14, -0.9999999174763575249 ) ) ;
#3218 = SURFACE_STYLE_FILL_AREA ( #1012 ) ;
#3219 = VECTOR ( 'NONE', #54, 1000.000000000000000 ) ;
#3220 = ORIENTED_EDGE ( 'NONE', *, *, #987, .F. ) ;
#3221 = DIRECTION ( 'NONE',  ( 0.000000000000000000, 1.047444401652940007E-14, -1.000000000000000000 ) ) ;
#3222 = COLOUR_RGB ( '',0.9686274509803921573, 0.8784313725490195957, 0.5999999999999999778 ) ;
#3223 = VECTOR ( 'NONE', #502, 1000.000000000000000 ) ;
ENDSEC;
END-ISO-10303-21;
